https://seekingalpha.com/symbol/USD:LRD/historical-price-quotes
+ref Sept 2004: https://usd.fxexchangerate.com/lrd-2004_09_01-exchange-rates-history.html#google_vignette

USD:LRD Historical Stock Price and Closing Data
Access detailed historical stock prices, including daily closing prices, for USD:LRD. Analyze past performance trends, track price movements, and explore historical data to inform your investment decisions.

Set dates

Apr. 07, 2015 - Apr. 07, 2026
Show

Daily Quotes
Adj

Splits only
Date	Open	High	Low	Close	Change %	Volume
Apr. 06, 2026
183.0833	183.1794	183.0751	183.147	
0.03%
0
Apr. 05, 2026
183.0638	183.0835	183.0638	183.0833	
0.00%
0
Apr. 04, 2026
183.0638	183.0835	183.0638	183.0833	
0.00%
0
Apr. 03, 2026
183.0638	183.0835	183.0638	183.0833	
0.01%
0
Apr. 02, 2026
183.0512	183.0638	183.0508	183.0638	
0.01%
0
Apr. 01, 2026
182.9979	183.0853	183.0439	183.0512	
0.03%
0
Mar. 31, 2026
182.8661	182.9979	182.9979	182.9979	
0.00%
0
Mar. 30, 2026
182.8661	182.9979	182.9979	182.9979	
0.07%
0
Mar. 29, 2026
182.7561	182.8661	182.7561	182.8661	
0.00%
0
Mar. 28, 2026
182.7561	182.8661	182.7561	182.8661	
0.00%
0
Mar. 27, 2026
182.7561	182.8661	182.7561	182.8661	
0.06%
0
Mar. 26, 2026
182.756	182.7561	182.7561	182.7561	
0.00%
0
Mar. 25, 2026
182.7533	182.756	182.753	182.756	
0.00%
0
Mar. 24, 2026
182.7532	182.7535	182.7529	182.7533	
0.00%
0
Mar. 23, 2026
182.6686	182.7882	182.7208	182.7532	
0.01%
0
Mar. 22, 2026
182.7416	182.7416	182.7416	182.7416	
0.04%
0
Mar. 20, 2026
182.6685	182.6686	182.6621	182.6686	
0.00%
0
Mar. 19, 2026
182.6684	182.689	182.6684	182.6685	
0.00%
0
Mar. 18, 2026
182.6684	182.6684	182.6684	182.6684	
0.00%
0
Mar. 17, 2026
182.6792	182.6684	182.6684	182.6684	
0.00%
0
Mar. 16, 2026
182.6684	182.6684	182.6684	182.6684	
-0.00%
0
Mar. 15, 2026
182.9387	182.6722	182.6693	182.6693	
0.00%
0
Mar. 13, 2026
182.9387	182.6722	182.6693	182.6693	
-0.15%
0
Mar. 12, 2026
182.9669	182.9669	182.9387	182.9387	
-0.02%
0
Mar. 11, 2026
182.9669	182.9669	182.9669	182.9669	
0.00%
0
Mar. 10, 2026
182.9669	182.9669	182.9334	182.9669	
0.00%
0
Mar. 09, 2026
182.9669	182.9669	182.9669	182.9669	
0.07%
0
Mar. 08, 2026
182.842	182.842	182.842	182.842	
-0.05%
0
Mar. 06, 2026
182.9288	182.9288	182.9288	182.9288	
0.00%
0
Mar. 05, 2026
182.9288	182.9288	182.9288	182.9288	
-0.02%
0
Mar. 04, 2026
183.1888	183.1888	182.9613	182.9613	
-0.12%
0
Mar. 03, 2026
183.2455	183.1888	183.1888	183.1888	
-0.03%
0
Mar. 01, 2026
183.2571	183.256	183.2296	183.2455	
0.00%
0
Feb. 27, 2026
183.2571	183.256	183.2296	183.2455	
-0.01%
0
Feb. 26, 2026
183.5665	183.2571	183.2287	183.2571	
-0.17%
0
Feb. 25, 2026
183.5977	183.5862	183.5369	183.5665	
-0.01%
0
Feb. 24, 2026
183.5862	183.5862	183.5862	183.5862	
-0.01%
0
Feb. 23, 2026
183.8806	183.5977	183.5977	183.5977	
0.00%
0
Feb. 22, 2026
183.875	183.875	183.5971	183.5977	
-0.15%
0
Feb. 20, 2026
183.925	183.925	183.8691	183.8806	
-0.02%
0
Feb. 19, 2026
183.925	183.925	183.925	183.925	
-0.34%
0
Feb. 18, 2026
184.5593	184.5778	184.5372	184.5483	
-0.01%
0
Feb. 17, 2026
184.6497	184.6497	184.5593	184.5593	
-0.05%
0
Feb. 16, 2026
184.6143	184.6497	184.6497	184.6497	
0.02%
0
Feb. 15, 2026
183.5455	184.6144	183.5455	184.6143	
0.00%
0
Feb. 13, 2026
183.5455	184.6144	183.5455	184.6143	
0.58%
0
Feb. 12, 2026
183.5455	183.5455	183.5455	183.5455	
0.00%
0
Feb. 11, 2026
183.5432	183.5432	183.5432	183.5432	
0.00%
0
Feb. 10, 2026
183.5432	183.5432	183.5432	183.5432	
0.06%
0
Feb. 09, 2026
183.404	183.4941	183.424	183.4335	
0.02%
0
Feb. 08, 2026
183.4001	183.4364	183.3968	183.404	
0.00%
0
Feb. 06, 2026
183.4001	183.4364	183.3968	183.404	
0.00%
0
Feb. 05, 2026
183.211	183.4001	183.211	183.4001	
0.10%
0
Feb. 04, 2026
183.211	183.211	183.211	183.211	
0.00%
0
Feb. 03, 2026
183.211	183.211	183.211	183.211	
0.00%
0
Feb. 02, 2026
183.211	183.211	183.211	183.211	
0.01%
0
Feb. 01, 2026
183.1697	183.1878	183.1697	183.1878	
0.65%
0
Jan. 30, 2026
181.3897	182.0005	181.3897	182.0005	
0.34%
0
Jan. 29, 2026
181.2665	181.3899	181.2665	181.3897	
0.07%
0
Jan. 28, 2026
181.291	181.291	181.2665	181.2665	
-0.01%
0
Jan. 27, 2026
181.291	181.291	181.291	181.291	
-0.08%
0
Jan. 26, 2026
181.4688	181.4689	181.4427	181.4427	
-0.02%
0
Jan. 25, 2026
181.4758	181.4758	181.4758	181.4758	
0.07%
0
Jan. 23, 2026
181.3442	181.3442	181.3442	181.3442	
0.00%
0
Jan. 22, 2026
181.3442	181.3442	181.3442	181.3442	
0.00%
0
Jan. 21, 2026
181.2574	181.3442	181.2533	181.3442	
0.75%
0
Jan. 20, 2026
179.9283	179.9928	179.9188	179.9926	
0.04%
0
Jan. 19, 2026
179.9283	179.9283	179.9283	179.9283	
0.00%
0
Jan. 18, 2026
179.8226	179.9285	179.8226	179.9283	
0.17%
0
Jan. 16, 2026
178.9528	179.6264	178.953	179.6264	
0.38%
0
Jan. 15, 2026
178.8255	178.9551	178.8255	178.9528	
0.07%
0
Jan. 14, 2026
178.1798	178.8255	178.8255	178.8255	
0.36%
0
Jan. 13, 2026
178.1798	178.1798	178.1798	178.1798	
0.02%
0
Jan. 12, 2026
178.0428	178.1465	178.1465	178.1465	
0.00%
0
Jan. 11, 2026
178.1465	178.1465	178.1465	178.1465	
0.06%
0
Jan. 09, 2026
177.8482	178.0428	177.8482	178.0428	
0.11%
0
Jan. 08, 2026
177.2426	177.8484	177.2426	177.8482	
0.34%
0
Jan. 07, 2026
177.2355	177.2428	177.2355	177.2426	
0.00%
0
Jan. 06, 2026
177.1718	177.2355	177.1718	177.2355	
0.04%
0
Jan. 05, 2026
177.0177	177.1619	177.0177	177.1618	
-0.02%
0
Jan. 02, 2026
177.1006	177.1901	177.1006	177.1901	
0.05%
0
Jan. 01, 2026
177.1006	177.1006	177.1006	177.1006	
0.00%
0
Dec. 31, 2025
177.1006	177.1006	177.1006	177.1006	
0.00%
0
Dec. 30, 2025
177.13	177.1715	177.0463	177.1006	
-0.02%
0
Dec. 29, 2025
177.13	177.13	177.13	177.13	
0.15%
0
Dec. 26, 2025
176.859	176.859	176.859	176.859	
0.00%
0
Dec. 25, 2025
176.859	176.859	176.859	176.859	
0.00%
0
Dec. 24, 2025
176.8214	176.8596	176.8214	176.859	
0.02%
0
Dec. 23, 2025
176.8253	176.8307	176.8209	176.8214	
-0.00%
0
Dec. 22, 2025
176.7925	176.8525	176.7897	176.8253	
0.03%
0
Dec. 19, 2025
176.7671	176.7671	176.7671	176.7671	
0.00%
0
Dec. 18, 2025
176.7671	176.7671	176.7671	176.7671	
-0.02%
0
Dec. 17, 2025
176.8031	176.8031	176.8031	176.8031	
0.01%
0
Dec. 16, 2025
176.7925	176.7925	176.7925	176.7925	
0.17%
0
Dec. 12, 2025
176.00	176.50	175.50	176.50	
-0.28%
0
Dec. 11, 2025
176.00	177.00	175.50	177.00	
0.28%
0
Dec. 10, 2025
176.00	176.50	175.50	176.50	
0.00%
0
Dec. 09, 2025
176.00	176.50	175.50	176.50	
0.00%
0
Dec. 08, 2025
176.00	176.50	176.00	176.50	
-0.28%
0
Dec. 05, 2025
175.00	177.00	175.00	177.00	
0.57%
0
Dec. 04, 2025
176.00	176.50	175.00	176.00	
-0.28%
0
Dec. 03, 2025
176.00	176.50	176.00	176.50	
-0.28%
0
Dec. 02, 2025
176.00	177.00	176.00	177.00	
0.00%
0
Dec. 01, 2025
176.00	180.00	176.00	177.00	
-0.34%
0
Nov. 28, 2025
177.00	177.60	176.00	177.60	
0.06%
0
Nov. 27, 2025
177.00	177.50	176.50	177.50	
0.00%
0
Nov. 26, 2025
177.00	178.00	176.50	177.50	
-0.28%
0
Nov. 25, 2025
177.00	178.00	177.00	178.00	
0.00%
0
Nov. 24, 2025
178.00	178.00	177.00	178.00	
-0.56%
0
Nov. 21, 2025
178.00	179.00	178.00	179.00	
0.00%
0
Nov. 20, 2025
179.00	179.00	178.00	179.00	
-0.28%
0
Nov. 19, 2025
180.00	180.00	178.50	179.50	
-0.14%
0
Nov. 18, 2025
180.00	180.00	178.50	179.75	
-0.42%
0
Nov. 17, 2025
180.00	180.50	180.00	180.50	
-0.28%
0
Nov. 14, 2025
181.00	181.00	180.00	181.00	
-0.28%
0
Nov. 13, 2025
182.00	182.00	181.00	181.50	
-0.55%
0
Nov. 12, 2025
182.00	182.50	182.00	182.50	
0.00%
0
Nov. 11, 2025
182.00	182.50	182.00	182.50	
-0.27%
0
Nov. 10, 2025
182.00	183.00	182.00	183.00	
0.00%
0
Nov. 07, 2025
182.20	183.00	182.00	183.00	
0.00%
0
Nov. 06, 2025
182.00	183.00	182.00	183.00	
0.00%
0
Nov. 05, 2025
182.00	183.00	182.00	183.00	
0.00%
0
Nov. 04, 2025
182.00	183.00	182.00	183.00	
0.00%
0
Nov. 03, 2025
183.00	183.00	182.00	183.00	
-0.27%
0
Oct. 31, 2025
182.00	183.50	182.00	183.50	
0.27%
0
Oct. 30, 2025
182.00	189.00	182.00	183.00	
0.00%
0
Oct. 29, 2025
182.00	183.00	182.00	183.00	
0.00%
0
Oct. 28, 2025
182.00	183.00	182.00	183.00	
0.00%
0
Oct. 27, 2025
182.00	183.00	182.00	183.00	
0.00%
0
Oct. 24, 2025
182.00	183.00	182.00	183.00	
0.00%
0
Oct. 23, 2025
182.00	183.00	182.00	183.00	
0.00%
0
Oct. 22, 2025
182.00	183.00	182.00	183.00	
0.00%
0
Oct. 21, 2025
182.00	183.00	182.00	183.00	
-0.16%
0
Oct. 20, 2025
182.00	183.30	182.00	183.30	
0.16%
0
Oct. 17, 2025
182.00	183.00	182.00	183.00	
0.00%
0
Oct. 16, 2025
182.00	183.00	182.00	183.00	
0.00%
0
Oct. 15, 2025
182.00	183.00	182.00	183.00	
0.00%
0
Oct. 14, 2025
182.00	183.00	182.00	183.00	
0.00%
0
Oct. 13, 2025
182.00	183.00	182.00	183.00	
0.00%
0
Oct. 10, 2025
182.00	189.00	182.00	183.00	
0.27%
0
Oct. 09, 2025
182.00	182.50	182.00	182.50	
-0.27%
0
Oct. 08, 2025
182.00	183.00	182.00	183.00	
0.27%
0
Oct. 07, 2025
181.00	182.50	181.00	182.50	
0.27%
0
Oct. 06, 2025
181.00	182.00	181.00	182.00	
0.28%
0
Oct. 03, 2025
181.00	181.50	180.90	181.50	
0.00%
0
Oct. 02, 2025
181.00	181.50	180.70	181.50	
0.00%
0
Oct. 01, 2025
180.00	181.50	180.00	181.50	
0.28%
0
Sep. 30, 2025
180.00	181.00	180.00	181.00	
0.00%
0
Sep. 29, 2025
180.00	181.00	180.00	181.00	
0.00%
0
Sep. 26, 2025
180.00	181.00	180.00	181.00	
0.00%
0
Sep. 25, 2025
180.00	181.00	180.00	181.00	
0.08%
0
Sep. 24, 2025
179.00	180.85	179.00	180.85	
0.47%
0
Sep. 23, 2025
178.00	180.00	178.00	180.00	
0.84%
0
Sep. 22, 2025
178.00	178.50	178.00	178.50	
0.00%
0
Sep. 19, 2025
177.00	178.50	177.00	178.50	
0.28%
0
Sep. 18, 2025
176.00	178.00	176.00	178.00	
0.56%
0
Sep. 17, 2025
176.00	177.00	176.00	177.00	
0.00%
0
Sep. 16, 2025
177.00	177.00	176.00	177.00	
-0.56%
0
Sep. 15, 2025
177.00	178.00	177.00	178.00	
0.00%
0
Sep. 12, 2025
177.00	178.00	176.90	178.00	
0.06%
0
Sep. 11, 2025
183.00	183.00	176.90	177.90	
-3.05%
0
Sep. 10, 2025
189.00	189.00	183.00	183.50	
-3.42%
0
Sep. 09, 2025
197.00	200.00	189.00	190.00	
-4.76%
0
Sep. 08, 2025
199.00	200.00	197.00	199.50	
-0.50%
0
Sep. 05, 2025
199.00	200.50	199.00	200.50	
0.00%
0
Sep. 04, 2025
200.00	200.50	199.00	200.50	
-0.25%
0
Sep. 03, 2025
200.00	201.00	200.00	201.00	
0.00%
0
Sep. 02, 2025
199.00	201.00	199.00	201.00	
0.25%
0
Sep. 01, 2025
199.00	200.50	199.00	200.50	
0.00%
0
Aug. 29, 2025
199.00	200.50	199.00	200.50	
0.00%
0
Aug. 28, 2025
199.00	200.50	199.00	200.50	
0.00%
0
Aug. 27, 2025
199.00	200.50	199.00	200.50	
0.00%
0
Aug. 26, 2025
199.00	200.50	199.00	200.50	
0.00%
0
Aug. 25, 2025
199.00	200.50	199.00	200.50	
0.00%
0
Aug. 22, 2025
199.00	200.50	199.00	200.50	
0.00%
0
Aug. 21, 2025
199.00	200.50	199.00	200.50	
0.00%
0
Aug. 20, 2025
199.00	200.50	199.00	200.50	
0.00%
0
Aug. 19, 2025
199.00	200.50	199.00	200.50	
0.00%
0
Aug. 18, 2025
199.00	200.50	199.00	200.50	
0.00%
0
Aug. 15, 2025
199.00	200.50	199.00	200.50	
0.00%
0
Aug. 14, 2025
199.00	200.50	199.00	200.50	
0.00%
0
Aug. 13, 2025
199.00	200.50	199.00	200.50	
0.00%
0
Aug. 12, 2025
199.00	200.50	199.00	200.50	
0.00%
0
Aug. 11, 2025
199.00	200.50	199.00	200.50	
0.00%
0
Aug. 08, 2025
199.00	200.50	199.00	200.50	
0.00%
0
Aug. 07, 2025
199.00	200.50	198.10	200.50	
0.00%
0
Aug. 06, 2025
199.00	200.50	199.00	200.50	
0.00%
0
Aug. 05, 2025
199.00	200.50	199.00	200.50	
0.00%
0
Aug. 04, 2025
199.00	200.50	199.00	200.50	
0.00%
0
Aug. 01, 2025
199.00	200.50	199.00	200.50	
0.00%
0
Jul. 31, 2025
199.00	200.50	199.00	200.50	
0.00%
0
Jul. 30, 2025
199.00	200.50	199.00	200.50	
0.00%
0
Jul. 29, 2025
199.00	200.50	199.00	200.50	
0.00%
0
Jul. 28, 2025
199.00	200.50	199.00	200.50	
0.00%
0
Jul. 25, 2025
199.00	200.50	199.00	200.50	
0.00%
0
Jul. 24, 2025
199.00	200.50	199.00	200.50	
0.00%
0
Jul. 23, 2025
199.00	200.50	199.00	200.50	
0.00%
0
Jul. 22, 2025
199.00	200.50	199.00	200.50	
0.00%
0
Jul. 21, 2025
199.00	200.50	199.00	200.50	
0.00%
0
Jul. 18, 2025
199.00	200.50	199.00	200.50	
0.00%
0
Jul. 17, 2025
199.00	200.50	199.00	200.50	
0.00%
0
Jul. 16, 2025
199.00	200.50	199.00	200.50	
0.00%
0
Jul. 15, 2025
199.00	200.50	199.00	200.50	
0.00%
0
Jul. 14, 2025
199.00	200.50	199.00	200.50	
0.00%
0
Jul. 11, 2025
199.00	200.50	199.00	200.50	
0.00%
0
Jul. 10, 2025
199.00	200.50	199.00	200.50	
0.00%
0
Jul. 09, 2025
199.00	200.50	199.00	200.50	
0.00%
0
Jul. 08, 2025
199.00	200.50	199.00	200.50	
0.00%
0
Jul. 07, 2025
199.00	200.50	199.00	200.50	
0.00%
0
Jul. 04, 2025
199.00	200.50	199.00	200.50	
0.00%
0
Jul. 03, 2025
199.00	200.50	199.00	200.50	
0.00%
0
Jul. 02, 2025
199.00	200.50	199.00	200.50	
0.00%
0
Jul. 01, 2025
198.00	200.50	198.00	200.50	
0.25%
0
Jun. 30, 2025
198.00	200.00	198.00	200.00	
0.00%
0
Jun. 27, 2025
198.00	200.00	198.00	200.00	
0.00%
0
Jun. 26, 2025
198.00	200.00	196.00	200.00	
0.00%
0
Jun. 25, 2025
198.00	200.00	196.00	200.00	
0.00%
0
Jun. 24, 2025
198.00	200.00	196.00	200.00	
0.00%
0
Jun. 23, 2025
198.00	200.00	196.00	200.00	
0.00%
0
Jun. 20, 2025
198.00	200.00	196.00	200.00	
0.00%
0
Jun. 19, 2025
198.00	200.00	196.00	200.00	
0.00%
0
Jun. 18, 2025
198.00	200.00	196.00	200.00	
0.00%
0
Jun. 17, 2025
198.00	200.00	198.00	200.00	
0.00%
0
Jun. 16, 2025
198.00	200.00	198.00	200.00	
0.00%
0
Jun. 13, 2025
198.00	200.00	196.00	200.00	
0.00%
0
Jun. 12, 2025
198.00	200.00	196.00	200.00	
0.00%
0
Jun. 11, 2025
197.00	200.00	196.00	200.00	
0.25%
0
Jun. 10, 2025
197.00	199.50	196.00	199.50	
0.00%
0
Jun. 09, 2025
197.00	199.50	196.00	199.50	
0.00%
0
Jun. 06, 2025
197.00	199.50	197.00	199.50	
0.00%
0
Jun. 05, 2025
197.00	199.50	197.00	199.50	
0.00%
0
Jun. 04, 2025
197.00	199.50	197.00	199.50	
0.00%
0
Jun. 03, 2025
197.00	199.50	197.00	199.50	
0.00%
0
Jun. 02, 2025
197.00	199.50	197.00	199.50	
0.00%
0
May 30, 2025
198.00	199.50	197.00	199.50	
-0.25%
0
May 29, 2025
198.00	200.00	198.00	200.00	
0.00%
0
May 28, 2025
198.00	200.00	198.00	200.00	
0.00%
0
May 27, 2025
198.00	200.00	198.00	200.00	
0.00%
0
May 26, 2025
198.00	200.00	198.00	200.00	
0.00%
0
May 23, 2025
198.00	200.00	198.00	200.00	
0.00%
0
May 22, 2025
198.10	200.00	198.00	200.00	
0.00%
0
May 21, 2025
198.00	200.00	198.00	200.00	
0.00%
0
May 20, 2025
198.00	200.00	198.00	200.00	
0.00%
0
May 19, 2025
198.00	200.00	198.00	200.00	
0.00%
0
May 16, 2025
198.00	200.00	198.00	200.00	
0.00%
0
May 15, 2025
198.00	200.00	198.00	200.00	
0.00%
0
May 14, 2025
198.00	200.00	198.00	200.00	
0.00%
0
May 13, 2025
198.00	200.00	198.00	200.00	
0.00%
0
May 12, 2025
198.00	200.00	198.00	200.00	
0.00%
0
May 09, 2025
198.00	200.00	198.00	200.00	
0.00%
0
May 08, 2025
198.00	200.00	198.00	200.00	
0.00%
0
May 07, 2025
198.00	200.00	198.00	200.00	
0.00%
0
May 06, 2025
198.00	200.00	198.00	200.00	
0.00%
0
May 05, 2025
198.00	200.00	198.00	200.00	
0.00%
0
May 02, 2025
198.00	200.00	198.00	200.00	
0.00%
0
May 01, 2025
198.00	200.00	198.00	200.00	
0.00%
0
Apr. 30, 2025
198.00	200.00	198.00	200.00	
0.00%
0
Apr. 29, 2025
198.00	200.00	198.00	200.00	
0.00%
0
Apr. 28, 2025
198.00	200.00	198.00	200.00	
0.00%
0
Apr. 25, 2025
198.00	200.00	198.00	200.00	
0.00%
0
Apr. 24, 2025
198.00	200.00	198.00	200.00	
0.00%
0
Apr. 23, 2025
198.00	200.00	197.90	200.00	
0.00%
0
Apr. 22, 2025
198.00	200.00	197.90	200.00	
0.00%
0
Apr. 21, 2025
198.00	200.00	198.00	200.00	
0.00%
0
Apr. 18, 2025
198.00	200.00	198.00	200.00	
0.00%
0
Apr. 17, 2025
198.00	200.00	198.00	200.00	
0.00%
0
Apr. 16, 2025
198.00	200.00	198.00	200.00	
0.00%
0
Apr. 15, 2025
198.00	200.00	198.00	200.00	
0.00%
0
Apr. 14, 2025
198.00	200.00	198.00	200.00	
0.00%
0
Apr. 11, 2025
198.00	200.00	198.00	200.00	
0.00%
0
Apr. 10, 2025
198.00	200.00	198.00	200.00	
0.00%
0
Apr. 09, 2025
198.00	200.00	198.00	200.00	
0.00%
0
Apr. 08, 2025
198.00	200.00	198.00	200.00	
0.00%
0
Apr. 07, 2025
198.00	200.00	198.00	200.00	
0.00%
0
Apr. 04, 2025
198.00	200.00	198.00	200.00	
0.00%
0
Apr. 03, 2025
198.00	200.00	198.00	200.00	
0.00%
0
Apr. 02, 2025
198.00	200.00	198.00	200.00	
0.00%
0
Apr. 01, 2025
198.00	200.00	198.00	200.00	
0.00%
0
Mar. 31, 2025
198.00	200.00	198.00	200.00	
0.00%
0
Mar. 28, 2025
198.00	200.00	198.00	200.00	
0.00%
0
Mar. 27, 2025
198.00	200.00	198.00	200.00	
0.00%
0
Mar. 26, 2025
198.00	200.00	198.00	200.00	
0.00%
0
Mar. 25, 2025
198.00	200.00	198.00	200.00	
0.00%
0
Mar. 24, 2025
198.00	200.00	198.00	200.00	
0.00%
0
Mar. 21, 2025
198.00	200.00	198.00	200.00	
0.00%
0
Mar. 20, 2025
198.00	200.00	198.00	200.00	
0.00%
0
Mar. 19, 2025
198.00	200.00	198.00	200.00	
0.00%
0
Mar. 18, 2025
198.00	200.00	198.00	200.00	
0.00%
0
Mar. 17, 2025
198.00	200.00	198.00	200.00	
0.00%
0
Mar. 14, 2025
198.00	200.00	198.00	200.00	
0.00%
0
Mar. 13, 2025
198.00	200.00	198.00	200.00	
0.00%
0
Mar. 12, 2025
198.00	200.00	198.00	200.00	
0.00%
0
Mar. 11, 2025
198.00	200.00	197.50	200.00	
0.00%
0
Mar. 10, 2025
198.00	200.00	197.50	200.00	
0.00%
0
Mar. 07, 2025
198.00	200.00	197.50	200.00	
0.00%
0
Mar. 06, 2025
198.00	200.00	198.00	200.00	
0.00%
0
Mar. 05, 2025
197.70	200.00	197.50	200.00	
0.08%
0
Mar. 04, 2025
198.00	199.85	197.70	199.85	
-0.08%
0
Mar. 03, 2025
197.67	200.00	197.67	200.00	
0.08%
0
Feb. 28, 2025
197.61	199.835	197.50	199.835	
0.02%
0
Feb. 27, 2025
197.00	199.805	197.00	199.805	
0.15%
0
Feb. 26, 2025
197.00	199.50	197.00	199.50	
0.00%
0
Feb. 25, 2025
197.00	199.50	197.00	199.50	
0.00%
0
Feb. 24, 2025
197.00	199.50	197.00	199.50	
0.00%
0
Feb. 21, 2025
197.00	199.50	197.00	199.50	
0.00%
0
Feb. 20, 2025
197.00	199.50	197.00	199.50	
0.00%
0
Feb. 19, 2025
197.00	199.50	197.00	199.50	
0.00%
0
Feb. 18, 2025
197.00	199.50	197.00	199.50	
0.00%
0
Feb. 17, 2025
197.00	199.50	197.00	199.50	
0.00%
0
Feb. 14, 2025
197.00	199.50	196.80	199.50	
0.00%
0
Feb. 13, 2025
197.00	199.50	196.50	199.50	
0.00%
0
Feb. 12, 2025
196.00	199.50	196.00	199.50	
0.25%
0
Feb. 11, 2025
196.00	199.00	196.00	199.00	
0.00%
0
Feb. 10, 2025
196.00	199.00	196.00	199.00	
0.00%
0
Feb. 07, 2025
196.00	199.00	196.00	199.00	
0.00%
0
Feb. 06, 2025
196.00	199.00	196.00	199.00	
0.00%
0
Feb. 05, 2025
196.00	199.00	196.00	199.00	
0.00%
0
Feb. 04, 2025
196.00	199.00	196.00	199.00	
0.00%
0
Feb. 03, 2025
196.00	199.00	196.00	199.00	
0.00%
0
Jan. 31, 2025
195.00	199.00	195.00	199.00	
0.25%
0
Jan. 30, 2025
195.00	198.50	195.00	198.50	
0.00%
0
Jan. 29, 2025
195.00	198.50	195.00	198.50	
0.00%
0
Jan. 28, 2025
194.00	198.50	194.00	198.50	
0.25%
0
Jan. 27, 2025
194.00	198.00	194.00	198.00	
0.00%
0
Jan. 24, 2025
194.00	198.00	194.00	198.00	
0.00%
0
Jan. 23, 2025
194.00	198.00	194.00	198.00	
0.00%
0
Jan. 22, 2025
192.00	198.00	192.00	198.00	
0.51%
0
Jan. 21, 2025
192.00	197.00	192.00	197.00	
2.34%
0
Jan. 20, 2025
189.00	192.50	189.00	192.50	
1.32%
0
Jan. 17, 2025
189.00	190.00	189.00	190.00	
0.26%
0
Jan. 16, 2025
189.00	189.50	189.00	189.50	
0.00%
0
Jan. 15, 2025
188.00	189.50	188.00	189.50	
0.26%
0
Jan. 14, 2025
187.00	189.00	187.00	189.00	
0.80%
0
Jan. 13, 2025
187.00	188.00	187.00	187.50	
0.00%
0
Jan. 10, 2025
186.00	187.50	186.00	187.50	
0.27%
0
Jan. 09, 2025
186.00	187.00	186.00	187.00	
0.00%
0
Jan. 08, 2025
186.00	187.00	186.00	187.00	
0.00%
0
Jan. 07, 2025
185.00	187.00	185.00	187.00	
0.54%
0
Jan. 06, 2025
185.00	186.00	185.00	186.00	
0.27%
0
Jan. 03, 2025
184.00	185.50	184.00	185.50	
0.54%
0
Jan. 02, 2025
184.00	184.50	184.00	184.50	
0.00%
0
Jan. 01, 2025
184.00	184.50	184.00	184.50	
0.00%
0
Dec. 31, 2024
183.00	184.50	183.00	184.50	
0.27%
0
Dec. 30, 2024
182.00	184.00	182.00	184.00	
0.55%
0
Dec. 27, 2024
181.00	183.00	181.00	183.00	
0.55%
0
Dec. 26, 2024
181.00	182.00	181.00	182.00	
0.00%
0
Dec. 25, 2024
182.00	182.00	182.00	182.00	
0.00%
0
Dec. 24, 2024
181.00	182.00	181.00	182.00	
0.00%
0
Dec. 23, 2024
181.00	182.00	181.00	182.00	
0.00%
0
Dec. 20, 2024
181.00	182.00	181.00	182.00	
0.28%
0
Dec. 19, 2024
181.00	181.50	181.00	181.50	
0.00%
0
Dec. 18, 2024
180.00	181.50	180.00	181.50	
0.28%
0
Dec. 17, 2024
180.00	181.00	180.00	181.00	
0.00%
0
Dec. 16, 2024
180.00	181.00	180.00	181.00	
0.00%
0
Dec. 13, 2024
179.00	181.00	179.00	181.00	
0.56%
0
Dec. 12, 2024
179.00	180.00	179.00	180.00	
0.28%
0
Dec. 11, 2024
179.00	179.50	179.00	179.50	
0.00%
0
Dec. 10, 2024
179.00	179.50	179.00	179.50	
0.00%
0
Dec. 09, 2024
178.00	179.50	178.00	179.50	
0.28%
0
Dec. 06, 2024
178.00	179.00	178.00	179.00	
0.00%
0
Dec. 05, 2024
178.00	179.00	178.00	179.00	
0.00%
0
Dec. 04, 2024
178.00	179.00	178.00	179.00	
0.00%
0
Dec. 03, 2024
178.00	179.00	178.00	179.00	
0.00%
0
Dec. 02, 2024
178.00	179.00	178.00	179.00	
0.00%
0
Nov. 29, 2024
179.00	179.00	178.00	179.00	
-0.28%
0
Nov. 28, 2024
179.00	179.50	179.00	179.50	
0.00%
0
Nov. 27, 2024
178.00	179.50	178.00	179.50	
0.28%
0
Nov. 26, 2024
179.00	179.00	178.00	179.00	
-0.28%
0
Nov. 25, 2024
179.00	179.50	179.00	179.50	
-0.28%
0
Nov. 22, 2024
180.00	180.00	179.00	180.00	
-0.28%
0
Nov. 21, 2024
180.00	180.50	179.30	180.50	
0.00%
0
Nov. 20, 2024
180.00	180.50	179.50	180.50	
-0.17%
0
Nov. 19, 2024
180.00	181.00	179.80	180.80	
-0.66%
0
Nov. 18, 2024
183.00	183.00	181.00	182.00	
-0.82%
0
Nov. 15, 2024
183.00	183.50	183.00	183.50	
-0.27%
0
Nov. 14, 2024
184.00	184.00	183.00	184.00	
-0.27%
0
Nov. 13, 2024
184.00	184.50	183.00	184.50	
-2.12%
0
Nov. 12, 2024
188.00	188.50	184.70	188.50	
0.00%
0
Nov. 11, 2024
189.00	189.00	188.00	188.50	
-0.53%
0
Nov. 08, 2024
189.00	189.50	188.50	189.50	
0.00%
0
Nov. 07, 2024
189.00	189.50	188.50	189.50	
-0.26%
0
Nov. 06, 2024
191.00	191.00	189.00	190.00	
-0.78%
0
Nov. 05, 2024
191.00	191.50	189.00	191.50	
0.00%
0
Nov. 04, 2024
191.00	191.50	190.80	191.50	
-0.26%
0
Nov. 01, 2024
191.00	192.00	191.00	192.00	
0.00%
0
Oct. 31, 2024
191.00	192.00	191.00	192.00	
0.00%
0
Oct. 30, 2024
191.00	192.00	191.00	192.00	
0.00%
0
Oct. 29, 2024
191.00	192.00	191.00	192.00	
0.00%
0
Oct. 28, 2024
191.00	192.00	191.00	192.00	
0.00%
0
Oct. 25, 2024
191.00	192.00	191.00	192.00	
-0.13%
0
Oct. 24, 2024
191.00	192.25	191.00	192.25	
0.13%
0
Oct. 23, 2024
192.00	192.00	191.00	192.00	
-0.26%
0
Oct. 22, 2024
192.00	192.50	191.50	192.50	
0.00%
0
Oct. 21, 2024
192.00	192.50	191.50	192.50	
0.13%
0
Oct. 18, 2024
192.00	192.25	191.50	192.25	
0.00%
0
Oct. 17, 2024
192.00	192.25	191.50	192.25	
-0.13%
0
Oct. 16, 2024
192.00	192.50	191.80	192.50	
0.00%
0
Oct. 15, 2024
192.00	192.50	191.70	192.50	
0.00%
0
Oct. 14, 2024
192.00	192.50	192.00	192.50	
0.00%
0
Oct. 11, 2024
192.00	192.50	192.00	192.50	
-0.26%
0
Oct. 10, 2024
192.00	193.00	192.00	193.00	
0.00%
0
Oct. 09, 2024
192.00	193.00	192.00	193.00	
0.00%
0
Oct. 08, 2024
192.00	193.00	192.00	193.00	
0.00%
0
Oct. 07, 2024
192.00	193.00	192.00	193.00	
0.00%
0
Oct. 04, 2024
192.00	193.00	192.00	193.00	
-0.39%
0
Oct. 03, 2024
192.00	195.00	192.00	193.75	
0.39%
0
Oct. 02, 2024
193.00	193.00	192.00	193.00	
-0.26%
0
Oct. 01, 2024
193.00	193.50	192.50	193.50	
0.00%
0
Sep. 30, 2024
193.00	193.50	193.00	193.50	
0.00%
0
Sep. 27, 2024
193.00	193.50	192.80	193.50	
0.00%
0
Sep. 26, 2024
193.00	193.50	193.00	193.50	
-0.26%
0
Sep. 25, 2024
193.00	194.00	192.80	194.00	
0.00%
0
Sep. 24, 2024
195.00	195.00	193.00	194.00	
-3.00%
0
Sep. 23, 2024
195.00	200.00	193.00	200.00	
0.00%
0
Sep. 20, 2024
195.00	200.00	194.00	200.00	
0.00%
0
Sep. 19, 2024
195.00	200.00	193.50	200.00	
0.00%
0
Sep. 18, 2024
195.00	200.00	194.00	200.00	
0.00%
0
Sep. 17, 2024
195.00	200.00	194.00	200.00	
0.00%
0
Sep. 16, 2024
194.00	200.00	194.00	200.00	
0.00%
0
Sep. 13, 2024
195.00	200.00	194.00	200.00	
0.00%
0
Sep. 12, 2024
194.00	200.00	194.00	200.00	
2.56%
0
Sep. 11, 2024
194.00	195.00	194.00	195.00	
0.00%
0
Sep. 10, 2024
194.00	195.00	194.00	195.00	
0.00%
0
Sep. 09, 2024
194.00	195.00	194.00	195.00	
0.00%
0
Sep. 06, 2024
194.00	195.00	194.00	195.00	
0.00%
0
Sep. 05, 2024
194.00	195.00	194.00	195.00	
0.00%
0
Sep. 04, 2024
194.00	195.00	194.00	195.00	
0.00%
0
Sep. 03, 2024
194.00	195.00	194.00	195.00	
0.00%
0
Sep. 02, 2024
194.00	195.00	194.00	195.00	
0.00%
0
Aug. 30, 2024
194.00	195.00	194.00	195.00	
0.00%
0
Aug. 29, 2024
194.00	195.00	194.00	195.00	
0.00%
0
Aug. 28, 2024
194.00	195.00	194.00	195.00	
0.00%
0
Aug. 27, 2024
194.00	195.00	194.00	195.00	
0.00%
0
Aug. 26, 2024
194.00	195.00	194.00	195.00	
0.00%
0
Aug. 23, 2024
194.00	195.00	194.00	195.00	
0.00%
0
Aug. 22, 2024
194.00	195.00	194.00	195.00	
0.00%
0
Aug. 21, 2024
194.00	195.00	194.00	195.00	
0.00%
0
Aug. 20, 2024
194.00	195.00	194.00	195.00	
0.00%
0
Aug. 19, 2024
194.00	195.00	194.00	195.00	
0.00%
0
Aug. 16, 2024
194.00	195.00	194.00	195.00	
0.00%
0
Aug. 15, 2024
194.00	195.00	194.00	195.00	
0.00%
0
Aug. 14, 2024
194.00	195.00	194.00	195.00	
-0.10%
0
Aug. 13, 2024
194.30	195.20	194.30	195.20	
-0.15%
0
Aug. 12, 2024
194.50	195.50	194.50	195.50	
0.05%
0
Aug. 09, 2024
194.50	195.40	194.50	195.40	
-0.05%
0
Aug. 08, 2024
194.50	195.50	194.50	195.50	
0.03%
0
Aug. 07, 2024
195.45	195.45	195.45	195.45	
0.00%
0
Aug. 06, 2024
196.00	196.00	194.50	195.45	
-2.52%
0
Aug. 05, 2024
196.00	200.50	196.00	200.50	
0.00%
0
Aug. 02, 2024
196.00	200.50	194.40	200.50	
0.00%
0
Aug. 01, 2024
196.00	200.50	194.50	200.50	
0.00%
0
Jul. 31, 2024
196.00	200.50	194.50	200.50	
2.56%
0
Jul. 30, 2024
193.50	195.50	193.50	195.50	
0.05%
0
Jul. 29, 2024
195.40	195.40	195.40	195.40	
0.00%
0
Jul. 26, 2024
195.40	195.40	195.40	195.40	
0.00%
0
Jul. 25, 2024
195.40	195.40	195.40	195.40	
0.00%
0
Jul. 24, 2024
194.00	195.40	194.00	195.40	
0.21%
0
Jul. 23, 2024
195.00	195.00	195.00	195.00	
0.00%
0
Jul. 22, 2024
194.00	195.00	194.00	195.00	
0.00%
0
Jul. 19, 2024
194.30	195.00	194.00	195.00	
-0.08%
0
Jul. 18, 2024
194.30	195.15	194.30	195.15	
0.00%
0
Jul. 17, 2024
194.00	195.15	194.00	195.15	
0.08%
0
Jul. 16, 2024
195.00	195.00	195.00	195.00	
0.00%
0
Jul. 15, 2024
194.00	195.00	194.00	195.00	
0.00%
0
Jul. 12, 2024
194.00	195.00	194.00	195.00	
0.00%
0
Jul. 11, 2024
194.00	195.00	194.00	195.00	
0.00%
0
Jul. 10, 2024
193.50	195.00	193.50	195.00	
0.31%
0
Jul. 09, 2024
194.40	194.40	194.40	194.40	
0.00%
0
Jul. 08, 2024
193.50	194.40	193.50	194.40	
0.00%
0
Jul. 05, 2024
193.50	194.40	193.50	194.40	
0.00%
0
Jul. 04, 2024
194.40	194.40	194.40	194.40	
0.00%
0
Jul. 03, 2024
193.50	194.40	193.50	194.40	
0.00%
0
Jul. 02, 2024
193.50	194.40	193.50	194.40	
0.00%
0
Jul. 01, 2024
193.50	194.40	193.50	194.40	
0.00%
0
Jun. 28, 2024
193.50	194.40	193.50	194.40	
0.00%
0
Jun. 27, 2024
194.40	194.40	194.40	194.40	
0.00%
0
Jun. 26, 2024
193.50	194.40	193.50	194.40	
0.00%
0
Jun. 25, 2024
193.50	194.40	193.50	194.40	
0.00%
0
Jun. 24, 2024
193.30	194.40	193.30	194.40	
0.15%
0
Jun. 21, 2024
193.30	194.10	193.30	194.10	
0.00%
0
Jun. 20, 2024
193.30	194.10	193.30	194.10	
0.00%
0
Jun. 19, 2024
193.40	194.10	193.30	194.10	
-0.05%
0
Jun. 18, 2024
193.30	194.20	193.30	194.20	
0.10%
0
Jun. 17, 2024
193.10	194.00	193.10	194.00	
0.00%
0
Jun. 14, 2024
193.10	194.00	193.10	194.00	
0.00%
0
Jun. 13, 2024
193.00	194.00	193.00	194.00	
0.00%
0
Jun. 12, 2024
193.10	194.00	193.00	194.00	
0.00%
0
Jun. 11, 2024
193.00	194.00	193.00	194.00	
0.00%
0
Jun. 10, 2024
193.00	194.00	193.00	194.00	
0.03%
0
Jun. 07, 2024
193.00	193.95	193.00	193.95	
0.00%
0
Jun. 06, 2024
193.00	193.95	193.00	193.95	
0.00%
0
Jun. 05, 2024
192.80	193.95	192.80	193.95	
0.03%
0
Jun. 04, 2024
192.80	193.90	192.80	193.90	
0.05%
0
Jun. 03, 2024
194.00	194.00	192.80	193.80	
0.00%
0
May 31, 2024
193.80	193.80	193.80	193.80	
0.00%
0
May 30, 2024
193.80	193.80	193.80	193.80	
0.00%
0
May 29, 2024
194.00	194.00	192.50	193.80	
0.08%
0
May 28, 2024
192.50	193.65	192.50	193.65	
0.08%
0
May 27, 2024
193.50	193.50	193.50	193.50	
0.00%
0
May 24, 2024
193.50	193.50	193.50	193.50	
0.00%
0
May 23, 2024
192.50	193.50	192.50	193.50	
0.00%
0
May 22, 2024
192.50	193.50	192.50	193.50	
0.13%
0
May 21, 2024
192.00	193.25	192.00	193.25	
-0.08%
0
May 20, 2024
192.50	193.40	192.50	193.40	
0.08%
0
May 17, 2024
192.00	193.25	192.00	193.25	
-0.13%
0
May 16, 2024
193.50	193.50	193.50	193.50	
0.00%
0
May 15, 2024
192.50	193.50	192.50	193.50	
0.13%
0
May 14, 2024
192.00	193.25	192.00	193.25	
0.00%
0
May 13, 2024
192.00	193.25	192.00	193.25	
-0.10%
0
May 10, 2024
191.90	193.45	191.90	193.45	
-0.54%
0
May 09, 2024
194.00	194.50	194.00	194.50	
0.52%
0
May 08, 2024
192.50	193.50	192.50	193.50	
0.05%
0
May 07, 2024
192.40	193.40	192.40	193.40	
0.21%
0
May 06, 2024
192.00	193.00	192.00	193.00	
-0.26%
0
May 03, 2024
192.50	193.50	192.50	193.50	
-0.13%
0
May 02, 2024
192.49	193.745	192.40	193.745	
0.00%
0
May 01, 2024
192.45	193.745	192.45	193.745	
0.01%
0
Apr. 30, 2024
192.45	193.725	192.40	193.725	
0.00%
0
Apr. 29, 2024
192.19	193.725	192.00	193.725	
0.07%
0
Apr. 26, 2024
192.19	193.595	192.19	193.595	
0.00%
0
Apr. 25, 2024
192.19	194.00	192.00	193.595	
0.00%
0
Apr. 24, 2024
192.19	194.00	192.10	193.595	
0.00%
0
Apr. 23, 2024
192.19	194.00	192.19	193.595	
0.00%
0
Apr. 22, 2024
194.00	194.00	192.19	193.595	
-0.47%
0
Apr. 19, 2024
194.00	194.50	192.00	194.50	
0.00%
0
Apr. 18, 2024
194.00	194.50	192.00	194.50	
0.00%
0
Apr. 17, 2024
194.00	194.50	194.00	194.50	
0.00%
0
Apr. 16, 2024
194.00	194.50	191.90	194.50	
0.00%
0
Apr. 15, 2024
194.00	194.50	191.90	194.50	
0.00%
0
Apr. 12, 2024
194.00	194.50	191.90	194.50	
0.00%
0
Apr. 11, 2024
194.00	194.50	191.90	194.50	
0.00%
0
Apr. 10, 2024
194.00	194.50	191.90	194.50	
0.00%
0
Apr. 09, 2024
194.00	194.50	191.90	194.50	
0.00%
0
Apr. 08, 2024
194.00	194.50	192.00	194.50	
0.00%
0
Apr. 05, 2024
191.90	194.50	191.80	194.50	
0.54%
0
Apr. 04, 2024
191.90	193.45	189.00	193.45	
0.00%
0
Apr. 03, 2024
193.00	193.45	189.00	193.45	
-0.28%
0
Apr. 02, 2024
193.00	194.00	193.00	194.00	
0.00%
0
Apr. 01, 2024
193.00	194.00	189.00	194.00	
0.00%
0
Mar. 29, 2024
193.00	194.00	191.50	194.00	
0.00%
0
Mar. 28, 2024
193.00	194.00	191.50	194.00	
0.00%
0
Mar. 27, 2024
193.00	194.00	191.50	194.00	
0.00%
0
Mar. 26, 2024
193.00	194.00	191.50	194.00	
0.00%
0
Mar. 25, 2024
193.00	194.00	191.50	194.00	
0.00%
0
Mar. 22, 2024
193.00	194.00	191.50	194.00	
0.00%
0
Mar. 21, 2024
193.00	194.00	189.00	194.00	
0.00%
0
Mar. 20, 2024
193.00	194.00	189.00	194.00	
0.52%
0
Mar. 19, 2024
193.00	193.00	191.50	193.00	
0.00%
0
Mar. 18, 2024
193.00	193.00	193.00	193.00	
0.00%
0
Mar. 15, 2024
193.00	193.00	191.50	193.00	
0.00%
0
Mar. 14, 2024
191.50	193.00	191.40	193.00	
0.78%
0
Mar. 13, 2024
191.50	191.50	191.50	191.50	
0.00%
0
Mar. 12, 2024
193.00	193.00	191.40	191.50	
-0.78%
0
Mar. 11, 2024
193.00	193.00	191.30	193.00	
0.00%
0
Mar. 08, 2024
193.00	193.00	191.30	193.00	
0.00%
0
Mar. 07, 2024
193.00	193.00	193.00	193.00	
0.00%
0
Mar. 06, 2024
193.00	193.00	191.40	193.00	
0.00%
0
Mar. 05, 2024
193.00	193.00	193.00	193.00	
0.00%
0
Mar. 04, 2024
192.00	193.00	192.00	193.00	
0.52%
0
Mar. 01, 2024
192.00	192.00	191.00	192.00	
0.00%
0
Feb. 29, 2024
191.00	192.00	190.70	192.00	
0.52%
0
Feb. 28, 2024
191.00	191.00	189.80	191.00	
0.00%
0
Feb. 27, 2024
191.00	191.00	189.80	191.00	
0.00%
0
Feb. 26, 2024
191.00	191.00	189.80	191.00	
0.00%
0
Feb. 23, 2024
191.00	191.00	189.80	191.00	
0.00%
0
Feb. 22, 2024
191.00	191.00	189.60	191.00	
0.00%
0
Feb. 21, 2024
191.00	191.00	189.60	191.00	
0.00%
0
Feb. 20, 2024
191.00	191.00	189.60	191.00	
0.00%
0
Feb. 19, 2024
191.00	191.00	191.00	191.00	
0.00%
0
Feb. 16, 2024
191.00	191.00	189.50	191.00	
0.00%
0
Feb. 15, 2024
191.00	191.00	189.40	191.00	
0.00%
0
Feb. 14, 2024
191.00	191.00	189.50	191.00	
0.00%
0
Feb. 13, 2024
190.00	191.00	189.50	191.00	
0.53%
0
Feb. 12, 2024
190.00	190.00	189.30	190.00	
0.00%
0
Feb. 09, 2024
190.00	190.00	188.20	190.00	
0.00%
0
Feb. 08, 2024
190.00	190.00	189.00	190.00	
0.00%
0
Feb. 07, 2024
190.00	190.00	189.00	190.00	
0.00%
0
Feb. 06, 2024
190.00	190.00	188.00	190.00	
0.00%
0
Feb. 05, 2024
190.00	190.00	190.00	190.00	
0.00%
0
Feb. 02, 2024
190.00	190.00	190.00	190.00	
0.00%
0
Feb. 01, 2024
190.00	190.00	188.00	190.00	
0.00%
0
Jan. 31, 2024
190.00	190.00	189.00	190.00	
0.00%
0
Jan. 30, 2024
190.00	190.00	188.90	190.00	
0.00%
0
Jan. 29, 2024
190.00	190.00	188.80	190.00	
0.00%
0
Jan. 26, 2024
190.00	190.00	188.50	190.00	
0.00%
0
Jan. 25, 2024
190.00	190.00	190.00	190.00	
0.00%
0
Jan. 24, 2024
190.00	190.00	188.50	190.00	
0.00%
0
Jan. 23, 2024
190.00	190.00	188.30	190.00	
0.00%
0
Jan. 22, 2024
190.00	190.00	190.00	190.00	
0.00%
0
Jan. 19, 2024
190.00	190.00	188.00	190.00	
0.00%
0
Jan. 18, 2024
190.00	190.00	190.00	190.00	
0.00%
0
Jan. 17, 2024
189.00	190.00	188.30	190.00	
0.53%
0
Jan. 16, 2024
189.00	189.00	188.00	189.00	
0.00%
0
Jan. 15, 2024
189.00	189.00	189.00	189.00	
0.00%
0
Jan. 12, 2024
189.00	189.00	188.00	189.00	
0.00%
0
Jan. 11, 2024
189.00	189.00	187.00	189.00	
0.00%
0
Jan. 10, 2024
189.00	189.00	187.50	189.00	
0.00%
0
Jan. 09, 2024
189.00	189.00	187.50	189.00	
0.00%
0
Jan. 08, 2024
189.00	189.00	187.50	189.00	
0.00%
0
Jan. 05, 2024
189.00	189.00	187.50	189.00	
0.00%
0
Jan. 04, 2024
189.00	189.00	187.50	189.00	
0.00%
0
Jan. 03, 2024
189.00	189.00	187.50	189.00	
0.00%
0
Jan. 02, 2024
189.00	189.00	187.50	189.00	
0.00%
0
Jan. 01, 2024
189.00	189.00	189.00	189.00	
0.00%
0
Dec. 29, 2023
189.00	189.00	187.50	189.00	
0.00%
0
Dec. 28, 2023
189.00	189.00	187.40	189.00	
0.00%
0
Dec. 27, 2023
189.00	189.00	187.40	189.00	
0.00%
0
Dec. 26, 2023
189.00	189.00	187.40	189.00	
0.00%
0
Dec. 25, 2023
189.00	189.00	189.00	189.00	
0.00%
0
Dec. 22, 2023
189.00	189.00	187.20	189.00	
0.00%
0
Dec. 21, 2023
189.00	189.00	187.20	189.00	
0.00%
0
Dec. 20, 2023
189.00	189.00	187.20	189.00	
0.00%
0
Dec. 19, 2023
189.00	189.00	187.00	189.00	
0.00%
0
Dec. 18, 2023
189.00	189.00	189.00	189.00	
0.00%
0
Dec. 15, 2023
189.00	189.00	187.00	189.00	
0.00%
0
Dec. 14, 2023
189.00	189.00	187.00	189.00	
0.00%
0
Dec. 13, 2023
189.00	189.00	187.00	189.00	
0.00%
0
Dec. 12, 2023
189.00	189.00	187.20	189.00	
0.00%
0
Dec. 11, 2023
189.00	189.00	187.20	189.00	
0.00%
0
Dec. 08, 2023
189.00	189.00	187.20	189.00	
0.00%
0
Dec. 07, 2023
189.00	189.00	187.10	189.00	
0.00%
0
Dec. 06, 2023
188.00	189.00	187.00	189.00	
0.53%
0
Dec. 05, 2023
188.00	188.00	187.00	188.00	
0.00%
0
Dec. 04, 2023
187.13	188.00	187.13	188.00	
0.46%
0
Dec. 01, 2023
188.00	188.00	187.13	187.13	
-0.46%
0
Nov. 30, 2023
188.00	188.00	187.13	188.00	
0.00%
0
Nov. 29, 2023
188.00	188.00	187.30	188.00	
0.00%
0
Nov. 28, 2023
188.00	188.00	187.30	188.00	
0.00%
0
Nov. 27, 2023
188.00	188.00	187.30	188.00	
0.00%
0
Nov. 24, 2023
188.00	188.00	188.00	188.00	
0.00%
0
Nov. 23, 2023
188.00	188.00	188.00	188.00	
0.00%
0
Nov. 22, 2023
188.00	188.00	188.00	188.00	
0.00%
0
Nov. 21, 2023
188.00	188.00	187.00	188.00	
0.00%
0
Nov. 20, 2023
188.00	188.00	186.90	188.00	
0.00%
0
Nov. 17, 2023
188.00	188.00	186.90	188.00	
0.00%
0
Nov. 16, 2023
188.00	188.00	186.70	188.00	
0.00%
0
Nov. 15, 2023
188.00	188.00	186.70	188.00	
0.00%
0
Nov. 14, 2023
188.00	188.00	186.70	188.00	
0.00%
0
Nov. 13, 2023
187.00	188.00	180.68	188.00	
0.67%
0
Nov. 10, 2023
186.74	186.74	180.68	186.74	
0.00%
0
Nov. 09, 2023
186.74	186.74	186.40	186.74	
0.00%
0
Nov. 08, 2023
186.72	186.74	186.40	186.74	
0.01%
0
Nov. 07, 2023
189.00	189.00	185.40	186.72	
-1.21%
0
Nov. 06, 2023
189.00	189.00	186.50	189.00	
0.00%
0
Nov. 03, 2023
188.00	189.00	186.40	189.00	
0.53%
0
Nov. 02, 2023
188.00	188.00	186.40	188.00	
0.00%
0
Nov. 01, 2023
188.00	188.00	186.10	188.00	
0.00%
0
Oct. 31, 2023
188.00	188.00	186.10	188.00	
0.00%
0
Oct. 30, 2023
188.00	188.00	186.10	188.00	
0.00%
0
Oct. 27, 2023
188.00	188.00	186.10	188.00	
0.00%
0
Oct. 26, 2023
187.00	188.00	186.10	188.00	
0.53%
0
Oct. 25, 2023
187.00	187.00	186.00	187.00	
0.00%
0
Oct. 24, 2023
187.00	187.00	185.00	187.00	
0.00%
0
Oct. 23, 2023
187.00	187.00	186.00	187.00	
0.00%
0
Oct. 20, 2023
187.00	187.00	185.90	187.00	
0.00%
0
Oct. 19, 2023
187.00	187.00	185.80	187.00	
0.00%
0
Oct. 18, 2023
187.00	187.00	185.80	187.00	
0.65%
0
Oct. 17, 2023
187.00	187.00	185.80	185.80	
-0.64%
0
Oct. 16, 2023
187.00	187.00	187.00	187.00	
0.00%
0
Oct. 13, 2023
187.00	187.00	187.00	187.00	
0.00%
0
Oct. 12, 2023
187.00	187.00	185.80	187.00	
0.00%
0
Oct. 11, 2023
186.00	187.00	185.80	187.00	
0.54%
0
Oct. 10, 2023
186.00	186.00	185.70	186.00	
0.00%
0
Oct. 09, 2023
186.00	186.00	186.00	186.00	
0.00%
0
Oct. 06, 2023
186.00	186.00	185.70	186.00	
0.00%
0
Oct. 05, 2023
187.00	187.00	185.70	186.00	
-0.53%
0
Oct. 04, 2023
187.00	187.00	185.60	187.00	
0.00%
0
Oct. 03, 2023
188.00	188.00	185.60	187.00	
-0.53%
0
Oct. 02, 2023
187.00	188.00	185.80	188.00	
0.53%
0
Sep. 29, 2023
187.00	187.00	185.40	187.00	
0.00%
0
Sep. 28, 2023
187.00	187.00	185.40	187.00	
0.00%
0
Sep. 27, 2023
187.00	187.00	185.40	187.00	
0.00%
0
Sep. 26, 2023
187.00	187.00	185.40	187.00	
0.00%
0
Sep. 25, 2023
187.00	187.00	185.50	187.00	
0.00%
0
Sep. 22, 2023
187.00	187.00	187.00	187.00	
0.00%
0
Sep. 21, 2023
187.00	187.00	185.50	187.00	
0.00%
0
Sep. 20, 2023
187.00	187.00	185.50	187.00	
0.00%
0
Sep. 19, 2023
187.00	187.00	185.00	187.00	
0.00%
0
Sep. 18, 2023
187.00	187.00	185.00	187.00	
0.00%
0
Sep. 15, 2023
187.00	187.00	185.30	187.00	
0.00%
0
Sep. 14, 2023
187.00	187.00	185.30	187.00	
0.00%
0
Sep. 13, 2023
187.00	187.00	187.00	187.00	
0.00%
0
Sep. 12, 2023
187.00	187.00	185.10	187.00	
0.00%
0
Sep. 11, 2023
187.00	187.00	185.10	187.00	
0.00%
0
Sep. 08, 2023
187.00	187.00	185.10	187.00	
0.00%
0
Sep. 07, 2023
187.00	187.00	185.10	187.00	
0.00%
0
Sep. 06, 2023
185.00	187.00	185.00	187.00	
1.08%
0
Sep. 05, 2023
185.00	185.00	184.50	185.00	
0.00%
0
Sep. 04, 2023
185.00	185.00	185.00	185.00	
0.00%
0
Sep. 01, 2023
185.00	185.00	185.00	185.00	
0.00%
0
Aug. 31, 2023
185.00	185.00	185.00	185.00	
0.00%
0
Aug. 30, 2023
185.06	185.06	185.00	185.00	
-0.03%
0
Aug. 29, 2023
185.06	185.06	185.06	185.06	
0.00%
0
Aug. 28, 2023
185.06	185.06	185.06	185.06	
0.00%
0
Aug. 25, 2023
185.06	185.06	185.06	185.06	
0.00%
0
Aug. 24, 2023
185.06	185.06	184.50	185.06	
0.00%
0
Aug. 23, 2023
185.06	185.06	185.06	185.06	
0.00%
0
Aug. 22, 2023
185.06	185.06	185.00	185.06	
0.00%
0
Aug. 21, 2023
185.15	185.15	185.00	185.06	
-0.05%
0
Aug. 18, 2023
185.19	185.19	185.10	185.15	
-0.02%
0
Aug. 17, 2023
187.00	187.00	185.10	185.19	
-0.97%
0
Aug. 16, 2023
185.36	187.00	185.30	187.00	
0.88%
0
Aug. 15, 2023
185.36	185.36	185.36	185.36	
0.00%
0
Aug. 14, 2023
185.47	185.47	185.00	185.36	
0.03%
0
Aug. 11, 2023
185.30	185.30	185.30	185.30	
0.00%
0
Aug. 10, 2023
185.30	185.30	185.30	185.30	
0.00%
0
Aug. 09, 2023
185.30	185.30	185.30	185.30	
0.00%
0
Aug. 08, 2023
185.30	185.30	185.30	185.30	
0.00%
0
Aug. 07, 2023
185.30	185.30	185.30	185.30	
0.00%
0
Aug. 04, 2023
185.30	185.30	185.30	185.30	
0.00%
0
Aug. 03, 2023
185.30	185.30	185.30	185.30	
0.00%
0
Aug. 02, 2023
185.30	185.30	185.30	185.30	
0.00%
0
Aug. 01, 2023
185.30	185.30	185.30	185.30	
0.00%
0
Jul. 31, 2023
185.00	185.30	185.00	185.30	
0.16%
0
Jul. 28, 2023
185.00	185.00	185.00	185.00	
0.38%
0
Jul. 27, 2023
184.30	184.30	184.30	184.30	
0.00%
0
Jul. 26, 2023
184.30	184.30	184.30	184.30	
0.00%
0
Jul. 25, 2023
184.30	184.30	184.30	184.30	
0.00%
0
Jul. 24, 2023
184.00	184.30	184.00	184.30	
0.16%
0
Jul. 21, 2023
183.18	184.18	183.18	184.00	
0.45%
0
Jul. 20, 2023
183.18	183.50	183.18	183.18	
0.00%
0
Jul. 19, 2023
183.18	183.50	183.18	183.18	
0.00%
0
Jul. 18, 2023
183.18	183.50	182.60	183.18	
0.00%
0
Jul. 17, 2023
182.69	183.18	182.60	183.18	
0.27%
0
Jul. 14, 2023
182.69	182.69	182.60	182.69	
0.00%
0
Jul. 13, 2023
182.45	182.69	182.20	182.69	
0.13%
0
Jul. 12, 2023
182.45	182.45	182.20	182.45	
0.00%
0
Jul. 11, 2023
181.45	182.45	181.45	182.45	
0.55%
0
Jul. 10, 2023
180.68	182.00	180.68	181.45	
0.43%
0
Jul. 07, 2023
180.68	181.40	180.68	180.68	
0.00%
0
Jul. 06, 2023
180.80	180.80	180.68	180.68	
-0.07%
0
Jul. 05, 2023
182.00	182.00	180.50	180.80	
-0.66%
0
Jul. 04, 2023
182.00	182.00	182.00	182.00	
0.00%
0
Jul. 03, 2023
182.00	182.00	178.70	182.00	
0.00%
0
Jun. 30, 2023
182.00	182.00	178.60	182.00	
0.00%
0
Jun. 29, 2023
182.00	182.00	178.50	182.00	
0.00%
0
Jun. 28, 2023
180.00	182.00	178.50	182.00	
1.11%
0
Jun. 27, 2023
180.00	180.00	178.00	180.00	
1.12%
0
Jun. 26, 2023
176.50	178.00	176.50	178.00	
0.85%
0
Jun. 23, 2023
178.00	178.00	176.00	176.50	
-0.84%
0
Jun. 22, 2023
178.00	178.00	175.00	178.00	
1.71%
0
Jun. 21, 2023
175.00	175.00	175.00	175.00	
0.00%
0
Jun. 20, 2023
175.00	175.00	175.00	175.00	
0.00%
0
Jun. 19, 2023
176.00	176.00	170.50	175.00	
-0.57%
0
Jun. 16, 2023
176.00	176.00	176.00	176.00	
0.00%
0
Jun. 15, 2023
175.00	176.00	175.00	176.00	
0.57%
0
Jun. 14, 2023
175.00	175.00	170.50	175.00	
0.00%
0
Jun. 13, 2023
173.00	175.00	170.50	175.00	
1.16%
0
Jun. 12, 2023
172.00	173.00	170.50	173.00	
0.58%
0
Jun. 09, 2023
172.00	172.00	169.00	172.00	
0.00%
0
Jun. 08, 2023
172.00	172.00	169.00	172.00	
0.00%
0
Jun. 07, 2023
171.00	172.00	169.00	172.00	
0.58%
0
Jun. 06, 2023
170.00	171.00	169.00	171.00	
0.59%
0
Jun. 05, 2023
170.00	170.00	168.00	170.00	
0.00%
0
Jun. 02, 2023
169.00	170.00	168.00	170.00	
0.59%
0
Jun. 01, 2023
169.00	169.00	167.50	169.00	
0.00%
0
May 31, 2023
169.00	169.00	167.50	169.00	
0.00%
0
May 30, 2023
169.00	169.00	166.60	169.00	
0.00%
0
May 29, 2023
168.00	169.00	168.00	169.00	
0.60%
0
May 26, 2023
168.00	168.00	166.60	168.00	
0.00%
0
May 25, 2023
168.00	168.00	166.60	168.00	
0.00%
0
May 24, 2023
168.00	168.00	166.50	168.00	
0.00%
0
May 23, 2023
167.00	168.00	166.50	168.00	
0.60%
0
May 22, 2023
167.00	167.00	166.30	167.00	
0.00%
0
May 19, 2023
166.15	167.00	166.00	167.00	
0.51%
0
May 18, 2023
166.15	166.15	166.00	166.15	
0.00%
0
May 17, 2023
166.15	166.15	165.80	166.15	
0.00%
0
May 16, 2023
164.41	166.15	164.41	166.15	
1.06%
0
May 15, 2023
164.41	165.80	164.41	164.41	
0.00%
0
May 12, 2023
164.41	165.00	164.41	164.41	
0.00%
0
May 11, 2023
164.41	165.00	164.41	164.41	
0.00%
0
May 10, 2023
164.41	165.00	164.41	164.41	
0.00%
0
May 09, 2023
164.41	165.00	164.41	164.41	
0.00%
0
May 08, 2023
164.41	164.60	164.41	164.41	
0.00%
0
May 05, 2023
164.41	164.60	164.00	164.41	
0.00%
0
May 04, 2023
164.41	164.41	164.00	164.41	
0.00%
0
May 03, 2023
164.41	164.41	164.00	164.41	
0.00%
0
May 02, 2023
163.24	164.53	163.24	164.41	
0.72%
0
May 01, 2023
163.24	164.20	163.24	163.24	
0.00%
0
Apr. 28, 2023
163.24	163.80	163.24	163.24	
0.00%
0
Apr. 27, 2023
163.24	163.80	162.40	163.24	
0.00%
0
Apr. 26, 2023
163.24	163.24	162.40	163.24	
0.00%
0
Apr. 25, 2023
163.24	163.24	161.90	163.24	
0.83%
0
Apr. 24, 2023
161.90	161.90	161.90	161.90	
0.00%
0
Apr. 21, 2023
161.90	161.90	161.90	161.90	
0.00%
0
Apr. 20, 2023
161.50	161.90	161.50	161.90	
0.25%
0
Apr. 19, 2023
161.50	161.50	161.50	161.50	
0.00%
0
Apr. 18, 2023
164.00	164.00	161.50	161.50	
-1.52%
0
Apr. 17, 2023
164.00	164.00	161.50	164.00	
0.00%
0
Apr. 14, 2023
164.00	164.00	161.50	164.00	
0.00%
0
Apr. 13, 2023
164.00	164.00	161.50	164.00	
0.00%
0
Apr. 12, 2023
164.00	164.00	161.60	164.00	
0.00%
0
Apr. 11, 2023
164.00	164.00	161.50	164.00	
0.00%
0
Apr. 10, 2023
161.20	164.00	161.20	164.00	
0.00%
0
Apr. 07, 2023
164.00	164.00	161.20	164.00	
0.00%
0
Apr. 06, 2023
164.00	164.00	161.20	164.00	
0.00%
0
Apr. 05, 2023
164.00	164.00	161.20	164.00	
0.00%
0
Apr. 04, 2023
164.00	164.00	161.10	164.00	
0.00%
0
Apr. 03, 2023
164.00	164.00	161.10	164.00	
0.00%
0
Mar. 31, 2023
164.00	164.00	161.00	164.00	
0.00%
0
Mar. 30, 2023
164.00	164.00	160.70	164.00	
0.00%
0
Mar. 29, 2023
164.00	164.00	160.70	164.00	
0.00%
0
Mar. 28, 2023
161.00	164.00	160.70	164.00	
1.86%
0
Mar. 27, 2023
160.00	162.00	160.00	161.00	
-0.62%
0
Mar. 24, 2023
162.00	162.00	162.00	162.00	
0.00%
0
Mar. 23, 2023
160.00	162.00	160.00	162.00	
1.25%
0
Mar. 22, 2023
160.00	160.00	160.00	160.00	
0.00%
0
Mar. 21, 2023
159.00	160.00	159.00	160.00	
0.63%
0
Mar. 20, 2023
159.00	159.00	159.00	159.00	
0.00%
0
Mar. 17, 2023
159.00	159.30	159.00	159.00	
0.00%
0
Mar. 16, 2023
158.85	159.30	158.85	159.00	
-0.19%
0
Mar. 15, 2023
158.85	159.30	158.85	159.30	
0.28%
0
Mar. 14, 2023
159.00	159.30	158.85	158.85	
-0.09%
0
Mar. 13, 2023
159.00	159.30	159.00	159.00	
0.00%
0
Mar. 10, 2023
158.00	159.30	158.00	159.00	
0.63%
0
Mar. 09, 2023
158.00	159.30	158.00	158.00	
0.00%
0
Mar. 08, 2023
158.00	159.20	158.00	158.00	
0.00%
0
Mar. 07, 2023
158.00	159.00	158.00	158.00	
0.00%
0
Mar. 06, 2023
158.00	158.80	158.00	158.00	
-0.32%
0
Mar. 03, 2023
158.00	158.50	158.00	158.50	
0.32%
0
Mar. 02, 2023
157.80	158.00	157.80	158.00	
0.89%
0
Mar. 01, 2023
156.60	156.60	156.60	156.60	
0.00%
0
Feb. 28, 2023
156.60	156.60	156.60	156.60	
0.00%
0
Feb. 27, 2023
156.60	156.60	156.60	156.60	
0.00%
0
Feb. 24, 2023
156.60	156.60	156.60	156.60	
0.00%
0
Feb. 23, 2023
156.60	156.60	156.60	156.60	
0.00%
0
Feb. 22, 2023
156.60	156.60	156.60	156.60	
0.00%
0
Feb. 21, 2023
156.00	156.60	156.00	156.60	
0.38%
0
Feb. 20, 2023
156.00	156.00	156.00	156.00	
0.00%
0
Feb. 17, 2023
156.00	156.00	156.00	156.00	
0.00%
0
Feb. 16, 2023
156.00	156.00	156.00	156.00	
0.00%
0
Feb. 15, 2023
155.90	156.00	155.90	156.00	
0.06%
0
Feb. 14, 2023
156.00	156.00	155.90	155.90	
-0.06%
0
Feb. 13, 2023
156.00	156.00	156.00	156.00	
0.00%
0
Feb. 10, 2023
156.10	156.10	156.00	156.00	
-0.06%
0
Feb. 09, 2023
156.00	156.10	156.00	156.10	
0.06%
0
Feb. 08, 2023
155.80	156.00	155.80	156.00	
0.13%
0
Feb. 07, 2023
155.40	155.80	155.40	155.80	
0.26%
0
Feb. 06, 2023
155.40	155.40	155.40	155.40	
0.00%
0
Feb. 03, 2023
155.40	155.40	155.40	155.40	
0.00%
0
Feb. 02, 2023
155.40	155.40	155.40	155.40	
-0.06%
0
Feb. 01, 2023
155.50	155.60	155.50	155.50	
0.00%
0
Jan. 31, 2023
155.60	155.60	155.50	155.50	
-0.06%
0
Jan. 30, 2023
155.60	155.60	155.60	155.60	
0.00%
0
Jan. 27, 2023
155.50	155.60	155.50	155.60	
0.06%
0
Jan. 26, 2023
155.60	155.60	155.50	155.50	
0.06%
0
Jan. 25, 2023
155.40	155.40	155.40	155.40	
0.00%
0
Jan. 24, 2023
155.40	155.40	155.40	155.40	
0.00%
0
Jan. 23, 2023
155.00	155.40	155.00	155.40	
0.26%
0
Jan. 20, 2023
155.00	155.00	155.00	155.00	
0.00%
0
Jan. 19, 2023
155.00	155.00	155.00	155.00	
0.00%
0
Jan. 18, 2023
153.80	155.00	153.80	155.00	
0.45%
0
Jan. 17, 2023
153.80	154.30	153.80	154.30	
0.33%
0
Jan. 16, 2023
153.80	153.80	153.80	153.80	
0.00%
0
Jan. 13, 2023
153.70	153.80	153.70	153.80	
0.07%
0
Jan. 12, 2023
153.70	153.70	153.70	153.70	
0.00%
0
Jan. 11, 2023
153.40	153.70	153.40	153.70	
0.20%
0
Jan. 10, 2023
153.40	153.40	153.40	153.40	
0.00%
0
Jan. 09, 2023
153.40	153.40	153.40	153.40	
0.00%
0
Jan. 06, 2023
153.50	153.50	153.40	153.40	
-0.13%
0
Jan. 05, 2023
153.60	153.60	153.60	153.60	
0.00%
0
Jan. 04, 2023
153.60	153.60	153.60	153.60	
0.00%
0
Jan. 03, 2023
153.50	153.60	153.50	153.60	
0.07%
0
Jan. 02, 2023
153.50	153.50	153.50	153.50	
0.00%
0
Dec. 30, 2022
153.50	153.50	153.50	153.50	
0.00%
0
Dec. 29, 2022
153.40	153.50	153.40	153.50	
0.07%
0
Dec. 28, 2022
153.40	153.40	153.40	153.40	
0.00%
0
Dec. 27, 2022
153.40	153.40	153.40	153.40	
0.00%
0
Dec. 26, 2022
153.50	153.50	153.40	153.40	
-0.07%
0
Dec. 23, 2022
153.30	153.50	153.30	153.50	
0.00%
0
Dec. 22, 2022
153.50	153.50	153.50	153.50	
0.00%
0
Dec. 21, 2022
153.40	153.50	153.40	153.50	
0.13%
0
Dec. 20, 2022
153.30	153.30	153.30	153.30	
0.00%
0
Dec. 19, 2022
153.30	153.30	153.30	153.30	
0.00%
0
Dec. 16, 2022
153.30	153.30	153.30	153.30	
0.00%
0
Dec. 15, 2022
153.30	153.30	153.30	153.30	
0.00%
0
Dec. 14, 2022
153.30	153.30	153.30	153.30	
0.00%
0
Dec. 13, 2022
153.20	153.30	153.20	153.30	
0.07%
0
Dec. 12, 2022
153.20	153.20	153.20	153.20	
0.00%
0
Dec. 09, 2022
153.20	153.20	153.20	153.20	
0.00%
0
Dec. 08, 2022
153.20	153.20	153.20	153.20	
0.00%
0
Dec. 07, 2022
153.20	153.20	153.20	153.20	
0.00%
0
Dec. 06, 2022
153.20	153.20	153.20	153.20	
0.00%
0
Dec. 05, 2022
153.20	153.20	153.20	153.20	
0.00%
0
Dec. 02, 2022
153.00	153.20	153.00	153.20	
0.13%
0
Dec. 01, 2022
153.00	153.00	153.00	153.00	
0.00%
0
Nov. 30, 2022
153.00	153.00	152.00	153.00	
0.00%
0
Nov. 29, 2022
153.00	153.00	153.00	153.00	
0.00%
0
Nov. 28, 2022
153.30	153.30	153.00	153.00	
-0.20%
0
Nov. 25, 2022
153.30	153.30	153.30	153.30	
0.00%
0
Nov. 24, 2022
153.30	153.30	153.30	153.30	
0.00%
0
Nov. 23, 2022
153.00	153.30	153.00	153.30	
0.20%
0
Nov. 22, 2022
153.00	153.00	153.00	153.00	
0.00%
0
Nov. 21, 2022
153.00	153.00	153.00	153.00	
0.00%
0
Nov. 18, 2022
153.00	153.00	153.00	153.00	
0.00%
0
Nov. 17, 2022
152.80	153.00	152.80	153.00	
0.13%
0
Nov. 16, 2022
153.00	153.00	152.80	152.80	
-0.13%
0
Nov. 15, 2022
152.60	153.00	152.60	153.00	
0.26%
0
Nov. 14, 2022
152.60	152.60	152.60	152.60	
0.00%
0
Nov. 11, 2022
152.60	152.60	152.60	152.60	
0.00%
0
Nov. 10, 2022
152.60	152.60	152.60	152.60	
0.00%
0
Nov. 09, 2022
152.60	152.60	152.60	152.60	
0.13%
0
Nov. 08, 2022
152.50	152.50	152.40	152.40	
-0.07%
0
Nov. 07, 2022
152.50	152.50	152.50	152.50	
0.00%
0
Nov. 04, 2022
152.50	152.50	152.50	152.50	
0.00%
0
Nov. 03, 2022
152.60	152.60	152.50	152.50	
-0.07%
0
Nov. 02, 2022
152.60	152.60	152.60	152.60	
0.00%
0
Nov. 01, 2022
152.60	152.60	152.60	152.60	
0.20%
0
Oct. 31, 2022
152.30	152.30	152.30	152.30	
0.00%
0
Oct. 28, 2022
152.30	152.30	152.30	152.30	
0.00%
0
Oct. 27, 2022
152.30	152.30	152.30	152.30	
-0.07%
0
Oct. 26, 2022
152.40	152.40	152.40	152.40	
0.00%
0
Oct. 25, 2022
152.40	152.40	152.40	152.40	
0.00%
0
Oct. 24, 2022
152.50	152.50	152.40	152.40	
-0.07%
0
Oct. 21, 2022
152.50	152.50	152.50	152.50	
0.00%
0
Oct. 20, 2022
152.40	152.50	152.40	152.50	
0.07%
0
Oct. 19, 2022
152.50	152.50	152.40	152.40	
-0.07%
0
Oct. 18, 2022
152.50	152.50	152.50	152.50	
0.00%
0
Oct. 17, 2022
152.30	152.50	152.30	152.50	
0.13%
0
Oct. 14, 2022
152.30	152.30	152.30	152.30	
0.00%
0
Oct. 13, 2022
152.50	152.50	152.30	152.30	
-0.13%
0
Oct. 12, 2022
152.60	152.60	152.50	152.50	
-0.07%
0
Oct. 11, 2022
152.50	152.60	152.50	152.60	
0.07%
0
Oct. 10, 2022
152.60	152.60	152.50	152.50	
-0.07%
0
Oct. 07, 2022
152.60	152.60	152.60	152.60	
0.00%
0
Oct. 06, 2022
152.60	152.60	152.60	152.60	
0.00%
0
Oct. 05, 2022
152.60	152.60	152.60	152.60	
0.07%
0
Oct. 04, 2022
152.50	152.50	152.50	152.50	
0.00%
0
Oct. 03, 2022
152.50	152.50	152.50	152.50	
-0.13%
0
Sep. 30, 2022
152.50	152.70	152.50	152.70	
0.13%
0
Sep. 29, 2022
152.00	152.50	152.00	152.50	
0.33%
0
Sep. 28, 2022
153.00	153.00	152.00	152.00	
-0.33%
0
Sep. 27, 2022
153.00	153.00	152.50	152.50	
-0.33%
0
Sep. 26, 2022
153.00	153.00	153.00	153.00	
0.00%
0
Sep. 23, 2022
153.00	153.00	152.00	153.00	
0.00%
0
Sep. 22, 2022
153.00	153.00	153.00	153.00	
0.00%
0
Sep. 21, 2022
153.00	153.00	152.00	153.00	
0.00%
0
Sep. 20, 2022
153.00	153.00	151.00	153.00	
0.00%
0
Sep. 19, 2022
153.00	153.00	153.00	153.00	
0.00%
0
Sep. 16, 2022
153.00	153.00	153.00	153.00	
0.00%
0
Sep. 15, 2022
153.00	153.00	152.00	153.00	
0.00%
0
Sep. 14, 2022
153.00	153.00	153.00	153.00	
0.00%
0
Sep. 13, 2022
153.00	153.00	152.00	153.00	
0.00%
0
Sep. 12, 2022
153.00	153.00	153.00	153.00	
0.00%
0
Sep. 09, 2022
153.00	153.00	153.00	153.00	
0.00%
0
Sep. 08, 2022
153.00	153.00	153.00	153.00	
0.00%
0
Sep. 07, 2022
153.00	153.00	153.00	153.00	
0.00%
0
Sep. 06, 2022
153.00	153.00	153.00	153.00	
0.00%
0
Sep. 05, 2022
153.00	153.00	153.00	153.00	
0.00%
0
Sep. 02, 2022
152.60	153.00	152.60	153.00	
0.26%
0
Sep. 01, 2022
152.80	152.80	152.60	152.60	
-0.13%
0
Aug. 31, 2022
152.70	152.80	152.70	152.80	
0.07%
0
Aug. 30, 2022
151.80	152.70	151.80	152.70	
0.59%
0
Aug. 29, 2022
151.60	151.80	151.60	151.80	
0.13%
0
Aug. 26, 2022
151.60	151.60	151.60	151.60	
0.00%
0
Aug. 25, 2022
151.50	151.60	151.50	151.60	
0.07%
0
Aug. 24, 2022
151.60	151.60	151.50	151.50	
-0.07%
0
Aug. 23, 2022
151.50	151.60	151.50	151.60	
0.07%
0
Aug. 22, 2022
151.60	151.60	151.50	151.50	
-0.07%
0
Aug. 19, 2022
151.50	151.60	151.50	151.60	
0.07%
0
Aug. 18, 2022
151.70	151.70	151.50	151.50	
-0.13%
0
Aug. 17, 2022
151.50	151.70	151.50	151.70	
0.13%
0
Aug. 16, 2022
151.60	151.60	151.50	151.50	
-0.07%
0
Aug. 15, 2022
152.50	152.60	151.60	151.60	
-0.59%
0
Aug. 12, 2022
152.50	152.50	152.50	152.50	
0.00%
0
Aug. 11, 2022
152.60	152.60	152.50	152.50	
0.00%
0
Aug. 10, 2022
152.50	152.50	152.50	152.50	
0.00%
0
Aug. 09, 2022
152.60	152.60	152.50	152.50	
0.00%
0
Aug. 08, 2022
152.60	152.60	152.50	152.50	
-0.07%
0
Aug. 05, 2022
152.50	152.60	152.50	152.60	
0.00%
0
Aug. 04, 2022
152.60	152.60	152.60	152.60	
0.00%
0
Aug. 03, 2022
152.60	152.60	152.60	152.60	
0.07%
0
Aug. 02, 2022
152.30	152.50	152.30	152.50	
-0.07%
0
Aug. 01, 2022
152.30	152.60	152.30	152.60	
0.39%
0
Jul. 29, 2022
152.30	152.30	152.00	152.00	
-0.20%
0
Jul. 28, 2022
152.30	152.30	152.30	152.30	
0.20%
0
Jul. 27, 2022
152.00	152.00	152.00	152.00	
0.66%
0
Jul. 26, 2022
151.00	151.00	151.00	151.00	
0.00%
0
Jul. 25, 2022
151.00	151.00	151.00	151.00	
0.00%
0
Jul. 22, 2022
151.00	151.00	151.00	151.00	
0.00%
0
Jul. 21, 2022
151.00	151.00	151.00	151.00	
0.00%
0
Jul. 20, 2022
151.00	151.00	151.00	151.00	
0.00%
0
Jul. 19, 2022
151.00	151.00	151.00	151.00	
0.00%
0
Jul. 18, 2022
151.00	151.00	151.00	151.00	
0.00%
0
Jul. 15, 2022
151.00	151.00	151.00	151.00	
0.00%
0
Jul. 14, 2022
151.00	151.00	151.00	151.00	
0.00%
0
Jul. 13, 2022
151.00	151.00	151.00	151.00	
0.00%
0
Jul. 12, 2022
151.00	151.00	151.00	151.00	
0.00%
0
Jul. 11, 2022
151.00	151.00	151.00	151.00	
0.00%
0
Jul. 08, 2022
151.00	151.00	151.00	151.00	
0.00%
0
Jul. 07, 2022
151.00	151.00	151.00	151.00	
0.00%
0
Jul. 06, 2022
151.00	151.00	151.00	151.00	
0.00%
0
Jul. 05, 2022
151.00	151.00	151.00	151.00	
0.00%
0
Jul. 04, 2022
151.00	151.00	151.00	151.00	
0.00%
0
Jul. 01, 2022
151.00	151.00	151.00	151.00	
0.00%
0
Jun. 30, 2022
151.00	151.00	151.00	151.00	
0.00%
0
Jun. 29, 2022
151.00	151.00	151.00	151.00	
0.00%
0
Jun. 28, 2022
151.00	151.00	151.00	151.00	
0.00%
0
Jun. 27, 2022
151.00	151.00	151.00	151.00	
0.67%
0
Jun. 24, 2022
150.00	150.00	150.00	150.00	
0.00%
0
Jun. 23, 2022
150.00	150.00	150.00	150.00	
0.00%
0
Jun. 22, 2022
150.00	150.00	150.00	150.00	
-0.66%
0
Jun. 21, 2022
151.00	151.00	151.00	151.00	
0.33%
0
Jun. 20, 2022
150.50	150.50	150.50	150.50	
0.33%
0
Jun. 17, 2022
150.00	150.00	150.00	150.00	
0.00%
0
Jun. 16, 2022
150.00	150.00	150.00	150.00	
0.00%
0
Jun. 15, 2022
150.00	150.00	150.00	150.00	
0.00%
0
Jun. 14, 2022
150.00	150.00	150.00	150.00	
0.00%
0
Jun. 13, 2022
150.00	150.00	150.00	150.00	
-0.33%
0
Jun. 10, 2022
150.50	150.50	150.50	150.50	
0.00%
0
Jun. 09, 2022
150.50	150.50	150.50	150.50	
0.33%
0
Jun. 08, 2022
150.00	150.00	150.00	150.00	
0.00%
0
Jun. 07, 2022
150.00	150.00	150.00	150.00	
-0.40%
0
Jun. 06, 2022
150.60	150.60	150.60	150.60	
0.07%
0
Jun. 03, 2022
150.50	150.50	150.50	150.50	
0.00%
0
Jun. 02, 2022
150.50	150.50	150.50	150.50	
0.00%
0
Jun. 01, 2022
150.50	150.50	150.50	150.50	
0.00%
0
May 31, 2022
150.50	150.50	150.50	150.50	
0.33%
0
May 30, 2022
150.00	150.00	150.00	150.00	
0.00%
0
May 27, 2022
150.00	150.00	150.00	150.00	
0.00%
0
May 26, 2022
150.00	150.00	150.00	150.00	
0.00%
0
May 25, 2022
150.00	150.00	150.00	150.00	
-0.33%
0
May 24, 2022
150.50	150.50	150.50	150.50	
-0.33%
0
May 23, 2022
151.00	151.00	151.00	151.00	
0.00%
0
May 20, 2022
151.00	151.00	151.00	151.00	
-0.98%
0
May 19, 2022
152.00	152.50	152.00	152.50	
0.00%
0
May 18, 2022
152.50	152.50	152.50	152.50	
0.00%
0
May 17, 2022
152.50	152.50	152.50	152.50	
1.33%
0
May 16, 2022
150.50	150.50	150.50	150.50	
0.33%
0
May 13, 2022
150.00	150.00	150.00	150.00	
0.00%
0
May 12, 2022
150.00	150.00	150.00	150.00	
0.00%
0
May 11, 2022
150.00	150.00	150.00	150.00	
0.00%
0
May 10, 2022
150.00	150.00	150.00	150.00	
-0.33%
0
May 09, 2022
150.50	150.50	150.50	150.50	
0.67%
0
May 06, 2022
149.50	149.50	149.50	149.50	
0.00%
0
May 05, 2022
150.50	150.50	149.50	149.50	
0.34%
0
May 04, 2022
149.00	149.00	149.00	149.00	
0.00%
0
May 03, 2022
149.50	149.50	149.00	149.00	
-0.33%
0
May 02, 2022
149.50	149.50	149.50	149.50	
-0.66%
0
Apr. 29, 2022
150.50	150.50	150.50	150.50	
0.00%
0
Apr. 28, 2022
150.50	150.50	150.50	150.50	
0.00%
0
Apr. 27, 2022
150.50	150.50	150.50	150.50	
0.00%
0
Apr. 26, 2022
150.50	150.50	150.50	150.50	
0.13%
0
Apr. 25, 2022
150.30	150.30	150.30	150.30	
-0.13%
0
Apr. 22, 2022
150.50	150.50	150.50	150.50	
-0.33%
0
Apr. 21, 2022
151.00	151.00	151.00	151.00	
0.20%
0
Apr. 20, 2022
150.70	150.70	150.70	150.70	
-0.26%
0
Apr. 19, 2022
151.10	151.10	151.10	151.10	
0.07%
0
Apr. 18, 2022
151.00	151.00	151.00	151.00	
0.00%
0
Apr. 15, 2022
151.00	151.00	151.00	151.00	
-0.20%
0
Apr. 14, 2022
151.30	151.30	151.30	151.30	
0.00%
0
Apr. 13, 2022
151.30	151.30	151.30	151.30	
0.13%
0
Apr. 12, 2022
151.10	151.10	151.10	151.10	
-0.13%
0
Apr. 11, 2022
151.30	151.30	151.30	151.30	
-0.13%
0
Apr. 08, 2022
151.50	151.50	151.50	151.50	
0.00%
0
Apr. 07, 2022
151.50	151.50	151.50	151.50	
0.00%
0
Apr. 06, 2022
151.50	151.50	151.50	151.50	
0.00%
0
Apr. 05, 2022
151.50	151.50	151.50	151.50	
0.00%
0
Apr. 04, 2022
151.50	151.50	151.50	151.50	
0.00%
0
Apr. 01, 2022
151.50	151.50	151.50	151.50	
-0.20%
0
Mar. 31, 2022
151.80	151.80	151.80	151.80	
-0.13%
0
Mar. 30, 2022
152.00	152.00	152.00	152.00	
0.00%
0
Mar. 29, 2022
152.00	152.00	152.00	152.00	
0.00%
0
Mar. 28, 2022
152.00	152.00	152.00	152.00	
0.00%
0
Mar. 25, 2022
152.00	152.00	152.00	152.00	
0.00%
0
Mar. 24, 2022
152.00	152.00	152.00	152.00	
-0.07%
0
Mar. 23, 2022
152.10	152.10	152.10	152.10	
0.00%
0
Mar. 22, 2022
152.10	152.10	152.10	152.10	
0.07%
0
Mar. 21, 2022
152.00	152.00	152.00	152.00	
-0.26%
0
Mar. 18, 2022
152.40	152.40	152.40	152.40	
-0.13%
0
Mar. 17, 2022
152.60	152.60	152.60	152.60	
0.00%
0
Mar. 16, 2022
152.60	152.60	152.60	152.60	
0.07%
0
Mar. 15, 2022
152.50	152.50	152.50	152.50	
-0.20%
0
Mar. 14, 2022
152.80	152.80	152.80	152.80	
0.00%
0
Mar. 11, 2022
152.80	152.80	152.80	152.80	
0.00%
0
Mar. 10, 2022
152.80	152.80	152.80	152.80	
-0.13%
0
Mar. 09, 2022
153.00	153.00	153.00	153.00	
0.07%
0
Mar. 08, 2022
152.90	152.90	152.90	152.90	
-0.07%
0
Mar. 07, 2022
153.00	153.00	153.00	153.00	
0.00%
0
Mar. 04, 2022
153.00	153.00	153.00	153.00	
-0.20%
0
Mar. 03, 2022
153.30	153.30	153.30	153.30	
0.00%
0
Mar. 02, 2022
153.30	153.30	153.30	153.30	
0.00%
0
Mar. 01, 2022
153.00	153.30	153.00	153.30	
0.26%
0
Feb. 28, 2022
152.90	152.90	152.90	152.90	
0.00%
0
Feb. 25, 2022
152.90	152.90	152.90	152.90	
-0.07%
0
Feb. 24, 2022
153.00	153.00	153.00	153.00	
0.00%
0
Feb. 23, 2022
153.00	153.00	153.00	153.00	
0.00%
0
Feb. 22, 2022
153.00	153.00	153.00	153.00	
0.00%
0
Feb. 21, 2022
153.00	153.00	153.00	153.00	
0.00%
0
Feb. 18, 2022
153.00	153.00	153.00	153.00	
0.00%
0
Feb. 17, 2022
153.00	153.00	153.00	153.00	
0.00%
0
Feb. 16, 2022
153.00	153.00	153.00	153.00	
0.20%
0
Feb. 15, 2022
152.70	152.70	152.70	152.70	
0.00%
0
Feb. 14, 2022
152.70	152.70	152.70	152.70	
0.13%
0
Feb. 11, 2022
152.50	152.50	152.50	152.50	
0.00%
0
Feb. 10, 2022
152.50	152.50	152.50	152.50	
-0.07%
0
Feb. 09, 2022
152.60	152.60	152.60	152.60	
0.00%
0
Feb. 08, 2022
152.60	152.60	152.60	152.60	
0.39%
0
Feb. 07, 2022
152.00	152.00	152.00	152.00	
0.00%
0
Feb. 04, 2022
152.00	152.00	152.00	152.00	
0.00%
0
Feb. 03, 2022
152.00	152.00	152.00	152.00	
-0.07%
0
Feb. 02, 2022
152.10	152.10	152.10	152.10	
0.33%
0
Feb. 01, 2022
151.60	151.60	151.60	151.60	
0.07%
0
Jan. 31, 2022
151.50	151.50	151.50	151.50	
0.33%
0
Jan. 28, 2022
151.00	151.00	151.00	151.00	
0.00%
0
Jan. 27, 2022
151.00	151.00	151.00	151.00	
0.00%
0
Jan. 26, 2022
151.00	151.00	151.00	151.00	
0.20%
0
Jan. 25, 2022
150.70	150.70	150.70	150.70	
0.13%
0
Jan. 24, 2022
150.50	150.50	150.50	150.50	
0.20%
0
Jan. 21, 2022
150.20	150.20	150.20	150.20	
0.13%
0
Jan. 20, 2022
150.00	150.00	150.00	150.00	
0.33%
0
Jan. 19, 2022
149.50	149.50	149.50	149.50	
0.34%
0
Jan. 18, 2022
149.00	149.00	149.00	149.00	
0.34%
0
Jan. 17, 2022
148.50	148.50	148.50	148.50	
0.00%
0
Jan. 14, 2022
148.50	148.50	148.50	148.50	
0.34%
0
Jan. 13, 2022
148.00	148.00	148.00	148.00	
0.34%
0
Jan. 12, 2022
147.50	147.50	147.50	147.50	
0.20%
0
Jan. 11, 2022
147.20	147.20	147.20	147.20	
0.14%
0
Jan. 10, 2022
147.00	147.00	147.00	147.00	
1.03%
0
Jan. 07, 2022
145.50	145.50	145.50	145.50	
0.00%
0
Jan. 06, 2022
145.50	145.50	145.50	145.50	
0.34%
0
Jan. 05, 2022
145.00	145.00	145.00	145.00	
0.00%
0
Jan. 04, 2022
145.00	145.00	145.00	145.00	
0.35%
0
Jan. 03, 2022
144.50	144.50	144.50	144.50	
0.35%
0
Dec. 31, 2021
144.00	144.00	144.00	144.00	
0.00%
0
Dec. 30, 2021
144.00	144.00	144.00	144.00	
0.21%
0
Dec. 29, 2021
143.70	143.70	143.70	143.70	
0.35%
0
Dec. 28, 2021
143.20	143.20	143.20	143.20	
0.49%
0
Dec. 27, 2021
142.50	142.50	142.50	142.50	
0.07%
0
Dec. 24, 2021
142.40	142.40	142.40	142.40	
0.07%
0
Dec. 23, 2021
142.30	142.30	142.30	142.30	
0.21%
0
Dec. 22, 2021
142.00	142.00	142.00	142.00	
0.21%
0
Dec. 21, 2021
141.70	141.70	141.70	141.70	
-0.07%
0
Dec. 20, 2021
141.80	141.80	141.80	141.80	
0.50%
0
Dec. 17, 2021
141.10	141.10	141.10	141.10	
0.07%
0
Dec. 16, 2021
141.00	141.00	141.00	141.00	
0.21%
0
Dec. 15, 2021
140.70	140.70	140.70	140.70	
0.07%
0
Dec. 14, 2021
140.60	140.60	140.60	140.60	
-0.07%
0
Dec. 13, 2021
140.70	140.70	140.70	140.70	
-0.07%
0
Dec. 10, 2021
140.80	140.80	140.80	140.80	
-0.21%
0
Dec. 09, 2021
141.10	141.10	141.10	141.10	
0.07%
0
Dec. 08, 2021
141.00	141.00	141.00	141.00	
0.07%
0
Dec. 07, 2021
140.90	140.90	140.90	140.90	
-0.07%
0
Dec. 06, 2021
141.00	141.00	141.00	141.00	
0.00%
0
Dec. 03, 2021
141.00	141.00	141.00	141.00	
-0.14%
0
Dec. 02, 2021
141.20	141.20	141.20	141.20	
0.00%
0
Dec. 01, 2021
141.20	141.20	141.20	141.20	
0.14%
0
Nov. 30, 2021
141.00	141.00	141.00	141.00	
0.00%
0
Nov. 29, 2021
141.00	141.00	141.00	141.00	
-0.14%
0
Nov. 26, 2021
141.20	141.20	141.20	141.20	
-0.28%
0
Nov. 25, 2021
141.60	141.60	141.60	141.60	
0.00%
0
Nov. 24, 2021
141.60	141.60	141.60	141.60	
-0.14%
0
Nov. 23, 2021
141.80	141.80	141.80	141.80	
-0.14%
0
Nov. 22, 2021
142.00	142.00	142.00	142.00	
0.00%
0
Nov. 19, 2021
142.00	142.00	142.00	142.00	
0.00%
0
Nov. 18, 2021
142.00	142.00	142.00	142.00	
-0.28%
0
Nov. 17, 2021
142.40	142.40	142.40	142.40	
-0.14%
0
Nov. 16, 2021
142.60	142.60	142.60	142.60	
-0.49%
0
Nov. 15, 2021
143.30	143.30	143.30	143.30	
-0.28%
0
Nov. 12, 2021
143.70	143.70	143.70	143.70	
-0.55%
0
Nov. 11, 2021
144.50	144.50	144.50	144.50	
0.00%
0
Nov. 10, 2021
144.50	144.50	144.50	144.50	
-0.89%
0
Nov. 09, 2021
145.80	145.80	145.80	145.80	
-0.34%
0
Nov. 08, 2021
146.30	146.30	146.30	146.30	
-0.14%
0
Nov. 05, 2021
146.50	146.50	146.50	146.50	
-0.14%
0
Nov. 04, 2021
146.70	146.70	146.70	146.70	
-0.07%
0
Nov. 03, 2021
146.80	146.80	146.80	146.80	
-0.81%
0
Nov. 02, 2021
148.00	148.00	148.00	148.00	
-0.87%
0
Nov. 01, 2021
149.30	149.30	149.30	149.30	
-0.80%
0
Oct. 29, 2021
150.50	150.50	150.50	150.50	
0.00%
0
Oct. 28, 2021
150.50	150.50	150.50	150.50	
0.00%
0
Oct. 27, 2021
150.50	150.50	150.50	150.50	
-0.53%
0
Oct. 26, 2021
151.30	151.30	151.30	151.30	
-0.46%
0
Oct. 25, 2021
152.00	152.00	152.00	152.00	
-2.88%
0
Oct. 22, 2021
156.50	156.50	156.50	156.50	
0.00%
0
Oct. 21, 2021
156.50	156.50	156.50	156.50	
-0.89%
0
Oct. 20, 2021
157.90	157.90	157.90	157.90	
-1.74%
0
Oct. 19, 2021
160.70	160.70	160.70	160.70	
0.12%
0
Oct. 18, 2021
163.50	163.50	160.50	160.50	
-1.83%
0
Oct. 15, 2021
165.10	165.10	163.50	163.50	
-0.97%
0
Oct. 14, 2021
165.30	165.30	165.10	165.10	
-0.12%
0
Oct. 13, 2021
165.20	165.30	165.20	165.30	
0.06%
0
Oct. 12, 2021
165.20	165.20	165.20	165.20	
-2.54%
0
Oct. 11, 2021
169.50	169.50	169.50	169.50	
0.00%
0
Oct. 08, 2021
169.50	169.50	169.50	169.50	
-0.12%
0
Oct. 07, 2021
169.70	169.70	169.70	169.70	
0.00%
0
Oct. 06, 2021
169.80	169.80	169.70	169.70	
-0.06%
0
Oct. 05, 2021
169.80	169.80	169.80	169.80	
-0.12%
0
Oct. 04, 2021
170.00	170.00	170.00	170.00	
0.00%
0
Oct. 01, 2021
170.00	170.00	170.00	170.00	
0.00%
0
Sep. 30, 2021
170.00	170.00	170.00	170.00	
0.00%
0
Sep. 29, 2021
170.00	170.00	170.00	170.00	
0.00%
0
Sep. 28, 2021
170.00	170.00	170.00	170.00	
0.00%
0
Sep. 27, 2021
170.00	170.00	170.00	170.00	
-0.12%
0
Sep. 24, 2021
170.20	170.20	170.20	170.20	
-0.06%
0
Sep. 23, 2021
170.30	170.30	170.30	170.30	
0.00%
0
Sep. 22, 2021
170.30	170.30	170.30	170.30	
0.00%
0
Sep. 21, 2021
170.30	170.30	170.30	170.30	
-0.06%
0
Sep. 20, 2021
170.40	170.40	170.40	170.40	
0.00%
0
Sep. 17, 2021
170.40	170.40	170.40	170.40	
0.06%
0
Sep. 16, 2021
170.30	170.30	170.30	170.30	
-0.06%
0
Sep. 15, 2021
170.40	170.40	170.40	170.40	
-0.18%
0
Sep. 14, 2021
170.70	170.70	170.70	170.70	
0.41%
0
Sep. 13, 2021
170.00	170.00	170.00	170.00	
-0.58%
0
Sep. 10, 2021
171.00	171.00	171.00	171.00	
0.00%
0
Sep. 09, 2021
171.00	171.00	171.00	171.00	
0.00%
0
Sep. 08, 2021
171.00	171.00	171.00	171.00	
0.00%
0
Sep. 07, 2021
171.00	171.00	171.00	171.00	
0.00%
0
Sep. 06, 2021
171.00	171.00	171.00	171.00	
0.00%
0
Sep. 03, 2021
171.00	171.00	171.00	171.00	
0.00%
0
Sep. 02, 2021
171.00	171.00	171.00	171.00	
0.00%
0
Sep. 01, 2021
171.00	171.00	171.00	171.00	
0.00%
0
Aug. 31, 2021
171.00	171.00	171.00	171.00	
0.00%
0
Aug. 30, 2021
171.00	171.00	171.00	171.00	
0.00%
0
Aug. 27, 2021
171.00	171.00	171.00	171.00	
0.00%
0
Aug. 26, 2021
171.00	171.00	171.00	171.00	
0.12%
0
Aug. 25, 2021
170.70	171.00	170.70	170.80	
0.00%
0
Aug. 24, 2021
170.80	170.80	170.80	170.80	
0.00%
0
Aug. 23, 2021
170.80	170.80	170.80	170.80	
0.06%
0
Aug. 20, 2021
170.70	170.70	170.70	170.70	
0.00%
0
Aug. 19, 2021
170.70	170.70	170.70	170.70	
-0.12%
0
Aug. 18, 2021
170.90	170.90	170.90	170.90	
0.00%
0
Aug. 17, 2021
170.90	170.90	170.90	170.90	
0.12%
0
Aug. 16, 2021
170.70	170.70	170.70	170.70	
0.00%
0
Aug. 13, 2021
170.70	170.70	170.70	170.70	
-0.06%
0
Aug. 12, 2021
170.80	170.80	170.80	170.80	
0.00%
0
Aug. 11, 2021
170.80	170.80	170.80	170.80	
0.06%
0
Aug. 10, 2021
170.70	170.70	170.70	170.70	
-0.06%
0
Aug. 09, 2021
170.70	170.80	170.70	170.80	
0.06%
0
Aug. 06, 2021
170.70	170.70	170.70	170.70	
-0.06%
0
Aug. 05, 2021
170.80	170.80	170.80	170.80	
0.06%
0
Aug. 04, 2021
170.70	170.70	170.70	170.70	
0.00%
0
Aug. 03, 2021
170.70	170.70	170.70	170.70	
0.00%
0
Aug. 02, 2021
170.70	170.70	170.70	170.70	
0.00%
0
Jul. 30, 2021
170.70	170.70	170.70	170.70	
0.00%
0
Jul. 29, 2021
170.70	170.70	170.70	170.70	
0.00%
0
Jul. 28, 2021
170.70	170.70	170.70	170.70	
0.00%
0
Jul. 27, 2021
170.70	170.70	170.70	170.70	
0.00%
0
Jul. 26, 2021
170.70	170.70	170.70	170.70	
0.00%
0
Jul. 23, 2021
170.70	170.70	170.70	170.70	
-0.06%
0
Jul. 22, 2021
170.80	170.80	170.80	170.80	
0.00%
0
Jul. 21, 2021
170.80	170.80	170.80	170.80	
0.06%
0
Jul. 20, 2021
170.70	170.70	170.70	170.70	
0.00%
0
Jul. 19, 2021
170.70	170.70	170.70	170.70	
0.00%
0
Jul. 16, 2021
170.70	170.70	170.70	170.70	
0.00%
0
Jul. 15, 2021
170.70	170.70	170.70	170.70	
0.00%
0
Jul. 14, 2021
170.60	170.70	170.60	170.70	
0.06%
0
Jul. 13, 2021
170.70	170.70	170.60	170.60	
-0.06%
0
Jul. 12, 2021
170.70	170.70	170.70	170.70	
0.00%
0
Jul. 09, 2021
170.70	170.70	170.70	170.70	
0.06%
0
Jul. 08, 2021
170.60	170.60	170.60	170.60	
0.00%
0
Jul. 07, 2021
170.60	170.60	170.60	170.60	
0.00%
0
Jul. 06, 2021
170.60	170.60	170.60	170.60	
0.00%
0
Jul. 05, 2021
170.60	170.60	170.60	170.60	
0.00%
0
Jul. 02, 2021
170.60	170.60	170.60	170.60	
0.00%
0
Jul. 01, 2021
170.50	170.60	170.50	170.60	
0.12%
0
Jun. 30, 2021
170.50	170.50	170.40	170.40	
-0.06%
0
Jun. 29, 2021
170.50	170.50	170.50	170.50	
0.06%
0
Jun. 28, 2021
170.50	170.50	170.40	170.40	
-0.06%
0
Jun. 25, 2021
170.50	170.50	170.50	170.50	
0.06%
0
Jun. 24, 2021
170.50	170.50	170.40	170.40	
-0.06%
0
Jun. 23, 2021
170.50	170.50	170.50	170.50	
0.00%
0
Jun. 22, 2021
170.50	170.50	170.50	170.50	
0.12%
0
Jun. 21, 2021
170.30	170.30	170.30	170.30	
-0.06%
0
Jun. 18, 2021
170.40	170.40	170.40	170.40	
0.00%
0
Jun. 17, 2021
170.40	170.40	170.40	170.40	
-0.06%
0
Jun. 16, 2021
170.50	170.50	170.50	170.50	
-0.06%
0
Jun. 15, 2021
170.60	170.60	170.60	170.60	
-0.12%
0
Jun. 14, 2021
170.80	170.80	170.80	170.80	
0.29%
0
Jun. 11, 2021
170.30	170.30	170.30	170.30	
-0.18%
0
Jun. 10, 2021
170.60	170.60	170.60	170.60	
0.00%
0
Jun. 09, 2021
170.60	170.60	170.60	170.60	
0.06%
0
Jun. 08, 2021
170.50	170.50	170.50	170.50	
0.29%
0
Jun. 07, 2021
170.00	170.00	170.00	170.00	
0.00%
0
Jun. 04, 2021
170.40	170.40	170.00	170.00	
-0.29%
0
Jun. 03, 2021
170.50	170.50	170.50	170.50	
0.00%
0
Jun. 02, 2021
170.50	170.50	170.50	170.50	
0.00%
0
Jun. 01, 2021
170.50	170.50	170.50	170.50	
-0.18%
0
May 31, 2021
170.80	170.80	170.80	170.80	
0.00%
0
May 28, 2021
170.70	170.80	170.70	170.80	
0.06%
0
May 27, 2021
170.70	170.70	170.70	170.70	
0.00%
0
May 26, 2021
170.70	170.70	170.70	170.70	
0.00%
0
May 25, 2021
170.70	170.70	170.70	170.70	
0.12%
0
May 24, 2021
170.50	170.50	170.50	170.50	
-0.18%
0
May 21, 2021
170.80	170.80	170.80	170.80	
0.00%
0
May 20, 2021
170.80	170.80	170.80	170.80	
0.00%
0
May 19, 2021
170.80	170.80	170.80	170.80	
0.00%
0
May 18, 2021
170.80	170.80	170.80	170.80	
0.06%
0
May 17, 2021
170.70	170.70	170.70	170.70	
-0.18%
0
May 14, 2021
171.00	171.00	171.00	171.00	
0.00%
0
May 13, 2021
171.00	171.00	171.00	171.00	
0.00%
0
May 12, 2021
171.00	171.00	171.00	171.00	
0.00%
0
May 11, 2021
171.30	171.30	171.00	171.00	
0.00%
0
May 10, 2021
171.30	171.30	171.00	171.00	
0.00%
0
May 07, 2021
171.30	171.30	171.00	171.00	
0.00%
0
May 06, 2021
171.30	171.30	171.00	171.00	
-0.12%
0
May 05, 2021
171.30	171.30	171.20	171.20	
0.12%
0
May 04, 2021
171.30	171.30	171.00	171.00	
0.00%
0
May 03, 2021
171.30	171.30	171.00	171.00	
-0.18%
0
Apr. 30, 2021
171.30	171.30	171.30	171.30	
0.06%
0
Apr. 29, 2021
171.30	171.30	171.20	171.20	
-0.06%
0
Apr. 28, 2021
171.30	171.30	171.30	171.30	
0.00%
0
Apr. 27, 2021
171.30	171.30	171.30	171.30	
0.00%
0
Apr. 26, 2021
171.40	171.40	171.30	171.30	
-0.06%
0
Apr. 23, 2021
171.40	171.40	171.40	171.40	
0.00%
0
Apr. 22, 2021
171.40	171.50	171.40	171.40	
0.00%
0
Apr. 21, 2021
171.40	171.40	171.40	171.40	
-0.06%
0
Apr. 20, 2021
171.70	171.70	171.50	171.50	
-0.12%
0
Apr. 19, 2021
171.70	171.70	171.70	171.70	
0.00%
0
Apr. 16, 2021
171.70	171.70	171.70	171.70	
0.00%
0
Apr. 15, 2021
171.80	171.80	171.70	171.70	
-0.06%
0
Apr. 14, 2021
171.80	171.80	171.80	171.80	
0.00%
0
Apr. 13, 2021
171.80	171.80	171.80	171.80	
0.00%
0
Apr. 12, 2021
172.20	172.20	171.80	171.80	
-0.17%
0
Apr. 09, 2021
172.10	172.10	172.10	172.10	
0.00%
0
Apr. 08, 2021
172.10	172.10	172.10	172.10	
0.00%
0
Apr. 07, 2021
172.10	172.10	172.10	172.10	
0.00%
0
Apr. 06, 2021
172.10	172.10	172.10	172.10	
0.00%
0
Apr. 05, 2021
172.10	172.10	172.10	172.10	
0.00%
0
Apr. 02, 2021
172.20	172.20	172.10	172.10	
-0.06%
0
Apr. 01, 2021
172.20	172.20	172.20	172.20	
0.00%
0
Mar. 31, 2021
172.00	172.20	172.00	172.20	
0.12%
0
Mar. 30, 2021
172.30	172.30	172.00	172.00	
-0.23%
0
Mar. 29, 2021
172.40	172.40	172.40	172.40	
0.00%
0
Mar. 26, 2021
172.30	172.40	172.30	172.40	
0.06%
0
Mar. 25, 2021
172.40	172.40	172.30	172.30	
-0.06%
0
Mar. 24, 2021
172.50	172.50	172.40	172.40	
-0.06%
0
Mar. 23, 2021
172.50	172.50	172.50	172.50	
0.00%
0
Mar. 22, 2021
172.50	172.50	172.40	172.50	
0.00%
0
Mar. 19, 2021
172.40	172.50	172.40	172.50	
0.06%
0
Mar. 18, 2021
172.50	172.50	172.40	172.40	
-0.06%
0
Mar. 17, 2021
168.00	172.60	168.00	172.50	
2.68%
0
Mar. 16, 2021
168.00	172.80	168.00	168.00	
0.00%
0
Mar. 15, 2021
168.00	172.80	168.00	168.00	
-2.78%
0
Mar. 12, 2021
172.80	172.80	172.80	172.80	
-0.12%
0
Mar. 11, 2021
173.00	173.00	173.00	173.00	
0.00%
0
Mar. 10, 2021
173.00	173.00	173.00	173.00	
0.00%
0
Mar. 09, 2021
173.10	173.10	173.00	173.00	
-0.06%
0
Mar. 08, 2021
173.00	173.10	173.00	173.10	
0.00%
0
Mar. 05, 2021
173.00	173.10	173.00	173.10	
0.06%
0
Mar. 04, 2021
173.00	173.00	173.00	173.00	
0.00%
0
Mar. 03, 2021
173.00	173.00	173.00	173.00	
0.00%
0
Mar. 02, 2021
172.80	173.00	172.60	173.00	
0.23%
0
Mar. 01, 2021
168.00	172.60	168.00	172.60	
2.74%
0
Feb. 26, 2021
168.00	172.60	168.00	168.00	
0.00%
0
Feb. 25, 2021
168.00	168.00	168.00	168.00	
-2.67%
0
Feb. 24, 2021
172.50	172.60	172.50	172.60	
0.06%
0
Feb. 23, 2021
172.30	172.50	172.30	172.50	
0.12%
0
Feb. 22, 2021
172.00	172.50	172.00	172.30	
0.00%
0
Feb. 19, 2021
172.20	172.30	172.20	172.30	
0.06%
0
Feb. 18, 2021
172.00	172.20	172.00	172.20	
0.12%
0
Feb. 17, 2021
172.00	172.00	172.00	172.00	
0.00%
0
Feb. 16, 2021
171.50	172.00	171.50	172.00	
0.29%
0
Feb. 15, 2021
171.50	171.50	171.50	171.50	
0.00%
0
Feb. 12, 2021
171.50	171.50	171.50	171.50	
0.00%
0
Feb. 11, 2021
171.40	171.50	171.40	171.50	
0.06%
0
Feb. 10, 2021
171.50	171.50	171.40	171.40	
-0.06%
0
Feb. 09, 2021
171.00	171.50	171.00	171.50	
0.12%
0
Feb. 08, 2021
171.00	171.30	171.00	171.30	
0.18%
0
Feb. 05, 2021
170.50	171.00	170.50	171.00	
0.12%
0
Feb. 04, 2021
170.50	170.80	170.50	170.80	
0.18%
0
Feb. 03, 2021
170.00	170.50	170.00	170.50	
0.29%
0
Feb. 02, 2021
170.00	170.10	170.00	170.00	
0.00%
0
Feb. 01, 2021
166.50	170.00	166.50	170.00	
0.29%
0
Jan. 29, 2021
166.50	169.50	166.50	169.50	
1.80%
0
Jan. 28, 2021
166.50	166.50	166.50	166.50	
-2.06%
0
Jan. 27, 2021
166.50	170.00	166.50	170.00	
0.12%
0
Jan. 26, 2021
166.50	169.80	166.50	169.80	
0.12%
0
Jan. 25, 2021
169.60	169.60	169.60	169.60	
0.06%
0
Jan. 22, 2021
166.50	169.50	166.50	169.50	
0.30%
0
Jan. 21, 2021
166.50	169.00	166.50	169.00	
0.30%
0
Jan. 20, 2021
166.50	168.50	166.50	168.50	
0.30%
0
Jan. 19, 2021
166.50	168.00	166.50	168.00	
0.36%
0
Jan. 18, 2021
167.40	167.40	167.40	167.40	
0.00%
0
Jan. 15, 2021
166.50	167.40	166.50	167.40	
0.24%
0
Jan. 14, 2021
166.50	167.00	166.50	167.00	
-0.24%
0
Jan. 13, 2021
166.50	167.40	166.50	167.40	
0.24%
0
Jan. 12, 2021
166.50	167.00	166.50	167.00	
0.30%
0
Jan. 11, 2021
166.00	166.50	166.00	166.50	
0.24%
0
Jan. 08, 2021
166.00	166.10	166.00	166.10	
0.06%
0
Jan. 07, 2021
166.00	166.00	166.00	166.00	
0.30%
0
Jan. 06, 2021
165.50	165.50	165.50	165.50	
0.30%
0
Jan. 05, 2021
165.00	165.00	165.00	165.00	
1.04%
0
Jan. 04, 2021
163.30	163.30	163.30	163.30	
0.00%
0
Jan. 01, 2021
163.30	163.30	163.30	163.30	
0.00%
0
Dec. 31, 2020
163.00	163.30	163.00	163.30	
0.80%
0
Dec. 30, 2020
162.00	162.00	162.00	162.00	
0.00%
0
Dec. 29, 2020
162.00	162.00	162.00	162.00	
-0.12%
0
Dec. 28, 2020
162.20	162.20	162.20	162.20	
0.12%
0
Dec. 25, 2020
162.00	162.00	162.00	162.00	
0.00%
0
Dec. 24, 2020
162.00	162.00	162.00	162.00	
0.00%
0
Dec. 23, 2020
162.00	162.00	162.00	162.00	
0.19%
0
Dec. 22, 2020
162.00	162.00	161.70	161.70	
-0.19%
0
Dec. 21, 2020
162.00	162.00	162.00	162.00	
0.75%
0
Dec. 18, 2020
160.80	160.80	160.80	160.80	
0.06%
0
Dec. 17, 2020
160.80	160.80	160.70	160.70	
-0.19%
0
Dec. 16, 2020
161.00	161.00	161.00	161.00	
0.31%
0
Dec. 15, 2020
160.50	160.50	160.50	160.50	
0.00%
0
Dec. 14, 2020
160.50	160.50	160.50	160.50	
0.12%
0
Dec. 11, 2020
160.20	160.30	160.20	160.30	
0.19%
0
Dec. 10, 2020
160.00	160.00	160.00	160.00	
0.00%
0
Dec. 09, 2020
160.00	160.00	160.00	160.00	
0.38%
0
Dec. 08, 2020
159.40	159.40	159.40	159.40	
0.89%
0
Dec. 07, 2020
158.00	158.00	158.00	158.00	
0.00%
0
Dec. 04, 2020
158.00	158.00	158.00	158.00	
0.45%
0
Dec. 03, 2020
157.00	157.30	157.00	157.30	
0.19%
0
Dec. 02, 2020
157.00	157.00	157.00	157.00	
0.00%
0
Dec. 01, 2020
157.00	157.00	157.00	157.00	
0.32%
0
Nov. 30, 2020
156.50	156.50	156.50	156.50	
0.00%
0
Nov. 27, 2020
156.50	156.50	156.50	156.50	
0.00%
0
Nov. 26, 2020
156.50	156.50	156.50	156.50	
0.00%
0
Nov. 25, 2020
156.50	156.50	156.50	156.50	
0.32%
0
Nov. 24, 2020
156.00	156.00	156.00	156.00	
0.00%
0
Nov. 23, 2020
156.00	156.00	156.00	156.00	
0.65%
0
Nov. 20, 2020
155.00	155.00	155.00	155.00	
0.00%
0
Nov. 19, 2020
155.00	155.00	155.00	155.00	
0.00%
0
Nov. 18, 2020
155.00	155.00	155.00	155.00	
0.00%
0
Nov. 17, 2020
156.10	156.10	155.00	155.00	
-0.64%
0
Nov. 16, 2020
156.00	156.00	156.00	156.00	
-1.45%
0
Nov. 13, 2020
160.30	160.30	158.30	158.30	
-1.37%
0
Nov. 12, 2020
160.50	160.50	160.50	160.50	
-2.13%
0
Nov. 11, 2020
164.00	164.00	164.00	164.00	
0.00%
0
Nov. 10, 2020
164.00	164.00	164.00	164.00	
-4.98%
0
Nov. 09, 2020
172.50	172.60	172.50	172.60	
-0.52%
0
Nov. 06, 2020
175.60	175.60	173.50	173.50	
-1.14%
0
Nov. 05, 2020
175.50	175.50	175.50	175.50	
-1.13%
0
Nov. 04, 2020
177.50	177.50	177.50	177.50	
-0.84%
0
Nov. 03, 2020
179.30	179.30	179.00	179.00	
-0.78%
0
Nov. 02, 2020
180.40	180.40	180.40	180.40	
-0.88%
0
Oct. 30, 2020
182.00	182.00	182.00	182.00	
-0.33%
0
Oct. 29, 2020
182.60	182.60	182.60	182.60	
-1.03%
0
Oct. 28, 2020
184.50	184.50	184.50	184.50	
0.00%
0
Oct. 27, 2020
184.50	184.50	184.50	184.50	
-1.07%
0
Oct. 26, 2020
186.50	186.50	186.50	186.50	
-1.84%
0
Oct. 23, 2020
190.00	190.00	190.00	190.00	
-0.26%
0
Oct. 22, 2020
190.50	190.50	190.50	190.50	
-0.26%
0
Oct. 21, 2020
191.00	191.00	191.00	191.00	
-0.78%
0
Oct. 20, 2020
192.50	192.50	192.50	192.50	
0.00%
0
Oct. 19, 2020
192.50	192.50	192.50	192.50	
-1.13%
0
Oct. 16, 2020
194.70	194.70	194.70	194.70	
-0.15%
0
Oct. 15, 2020
195.00	195.00	195.00	195.00	
-0.41%
0
Oct. 14, 2020
195.80	195.80	195.80	195.80	
-0.36%
0
Oct. 13, 2020
197.00	197.00	196.50	196.50	
-0.25%
0
Oct. 12, 2020
197.00	197.00	197.00	197.00	
0.00%
0
Oct. 09, 2020
197.00	197.50	197.00	197.00	
0.00%
0
Oct. 08, 2020
197.00	197.50	197.00	197.00	
0.00%
0
Oct. 07, 2020
197.00	197.00	197.00	197.00	
0.00%
0
Oct. 06, 2020
197.00	197.80	197.00	197.00	
0.00%
0
Oct. 05, 2020
197.00	197.80	197.00	197.00	
0.00%
0
Oct. 02, 2020
197.00	198.00	197.00	197.00	
0.00%
0
Oct. 01, 2020
197.00	197.80	197.00	197.00	
0.00%
0
Sep. 30, 2020
197.00	198.10	197.00	197.00	
0.00%
0
Sep. 29, 2020
197.00	197.00	197.00	197.00	
0.00%
0
Sep. 28, 2020
197.00	198.00	197.00	197.00	
-0.51%
0
Sep. 25, 2020
197.00	198.00	197.00	198.00	
0.51%
0
Sep. 24, 2020
197.00	198.30	197.00	197.00	
0.00%
0
Sep. 23, 2020
197.00	198.00	197.00	197.00	
0.00%
0
Sep. 22, 2020
196.00	198.00	196.00	197.00	
0.51%
0
Sep. 21, 2020
196.00	198.00	196.00	196.00	
-1.01%
0
Sep. 18, 2020
197.04	198.00	197.04	198.00	
0.49%
0
Sep. 17, 2020
197.04	198.00	197.04	197.04	
0.00%
0
Sep. 16, 2020
197.04	198.00	197.04	197.04	
0.00%
0
Sep. 15, 2020
197.04	198.50	197.04	197.04	
0.00%
0
Sep. 14, 2020
198.00	198.60	197.04	197.04	
-0.48%
0
Sep. 11, 2020
198.00	198.60	198.00	198.00	
0.00%
0
Sep. 10, 2020
198.00	198.50	198.00	198.00	
0.00%
0
Sep. 09, 2020
196.00	198.60	196.00	198.00	
1.02%
0
Sep. 08, 2020
196.00	196.00	196.00	196.00	
0.00%
0
Sep. 07, 2020
196.00	196.00	196.00	196.00	
0.00%
0
Sep. 04, 2020
197.00	198.50	196.00	196.00	
-0.51%
0
Sep. 03, 2020
197.00	197.00	197.00	197.00	
0.00%
0
Sep. 02, 2020
197.00	197.00	197.00	197.00	
0.00%
0
Sep. 01, 2020
197.00	197.00	197.00	197.00	
0.00%
0
Aug. 31, 2020
197.00	197.00	197.00	197.00	
0.00%
0
Aug. 28, 2020
197.00	197.00	197.00	197.00	
0.00%
0
Aug. 27, 2020
197.00	197.00	197.00	197.00	
0.00%
0
Aug. 26, 2020
197.00	197.00	197.00	197.00	
0.00%
0
Aug. 25, 2020
197.00	197.00	197.00	197.00	
0.00%
0
Aug. 24, 2020
197.00	197.00	197.00	197.00	
0.00%
0
Aug. 21, 2020
197.00	197.00	197.00	197.00	
0.00%
0
Aug. 20, 2020
197.00	197.00	197.00	197.00	
0.00%
0
Aug. 19, 2020
197.65	197.92	191.58	197.00	
-0.76%
0
Aug. 18, 2020
197.00	198.50	197.00	198.50	
0.76%
0
Aug. 17, 2020
197.00	198.50	191.58	197.00	
0.00%
0
Aug. 14, 2020
197.00	197.00	197.00	197.00	
0.00%
0
Aug. 13, 2020
197.00	198.60	197.00	197.00	
0.00%
0
Aug. 12, 2020
197.00	198.50	197.00	197.00	
0.00%
0
Aug. 11, 2020
197.61	198.50	197.00	197.00	
-0.31%
0
Aug. 10, 2020
197.61	198.50	197.61	197.61	
0.00%
0
Aug. 07, 2020
197.60	198.50	197.60	197.61	
0.01%
0
Aug. 06, 2020
197.60	198.50	197.60	197.60	
0.00%
0
Aug. 05, 2020
197.60	197.60	197.60	197.60	
0.00%
0
Aug. 04, 2020
197.61	197.61	197.60	197.60	
-0.01%
0
Aug. 03, 2020
197.59	198.50	197.59	197.61	
0.01%
0
Jul. 31, 2020
197.56	197.59	197.56	197.59	
0.02%
0
Jul. 30, 2020
197.60	198.50	197.56	197.56	
-0.47%
0
Jul. 29, 2020
197.60	198.50	197.60	198.50	
0.46%
0
Jul. 28, 2020
197.77	198.60	197.60	197.60	
-0.09%
0
Jul. 27, 2020
197.77	198.50	197.77	197.77	
0.07%
0
Jul. 24, 2020
197.62	198.50	197.62	197.64	
0.01%
0
Jul. 23, 2020
198.60	198.60	197.62	197.62	
-0.49%
0
Jul. 22, 2020
198.57	198.60	198.57	198.60	
0.02%
0
Jul. 21, 2020
198.56	198.60	198.40	198.57	
0.01%
0
Jul. 20, 2020
198.56	198.56	198.50	198.56	
0.00%
0
Jul. 17, 2020
198.57	198.57	198.50	198.56	
-0.01%
0
Jul. 16, 2020
197.63	198.57	197.63	198.57	
0.48%
0
Jul. 15, 2020
197.63	198.50	197.63	197.63	
0.00%
0
Jul. 14, 2020
197.63	198.40	197.63	197.63	
0.00%
0
Jul. 13, 2020
198.68	198.68	197.63	197.63	
-0.53%
0
Jul. 10, 2020
198.68	198.68	198.60	198.68	
0.00%
0
Jul. 09, 2020
198.70	198.70	198.50	198.68	
-0.01%
0
Jul. 08, 2020
198.74	198.74	198.50	198.70	
-0.02%
0
Jul. 07, 2020
198.74	198.74	198.50	198.74	
0.00%
0
Jul. 06, 2020
198.78	198.78	198.50	198.74	
0.09%
0
Jul. 03, 2020
198.78	198.78	198.00	198.57	
-0.15%
0
Jul. 02, 2020
198.78	198.86	198.60	198.86	
0.04%
0
Jul. 01, 2020
198.78	198.78	198.50	198.78	
0.00%
0
Jun. 30, 2020
198.78	198.78	198.50	198.78	
0.00%
0
Jun. 29, 2020
197.10	198.78	197.10	198.78	
0.85%
0
Jun. 26, 2020
197.10	198.50	197.10	197.10	
0.00%
0
Jun. 25, 2020
197.00	198.50	197.00	197.10	
0.05%
0
Jun. 24, 2020
197.00	198.50	197.00	197.00	
0.00%
0
Jun. 23, 2020
197.01	198.00	197.00	197.00	
-0.71%
0
Jun. 22, 2020
197.01	198.40	197.00	198.40	
0.71%
0
Jun. 19, 2020
197.01	198.30	197.01	197.01	
0.00%
0
Jun. 18, 2020
197.17	198.00	197.01	197.01	
-0.08%
0
Jun. 17, 2020
197.11	198.30	197.11	197.17	
0.03%
0
Jun. 16, 2020
197.11	198.00	197.11	197.11	
0.00%
0
Jun. 15, 2020
197.07	198.30	197.07	197.11	
0.02%
0
Jun. 12, 2020
197.07	198.00	197.07	197.07	
0.00%
0
Jun. 11, 2020
197.01	198.40	197.01	197.07	
0.03%
0
Jun. 10, 2020
197.00	198.40	197.00	197.01	
0.01%
0
Jun. 09, 2020
197.00	198.00	197.00	197.00	
0.00%
0
Jun. 08, 2020
197.00	198.00	197.00	197.00	
0.00%
0
Jun. 05, 2020
196.60	198.10	196.60	197.00	
0.20%
0
Jun. 04, 2020
198.23	198.23	196.60	196.60	
-0.82%
0
Jun. 03, 2020
196.40	198.23	196.40	198.23	
0.93%
0
Jun. 02, 2020
197.98	198.00	196.40	196.40	
-0.80%
0
Jun. 01, 2020
197.00	198.00	197.00	197.98	
0.50%
0
May 29, 2020
197.97	197.97	197.00	197.00	
-0.49%
0
May 28, 2020
197.99	197.99	197.80	197.97	
-0.01%
0
May 27, 2020
197.99	197.99	197.70	197.99	
0.00%
0
May 26, 2020
197.92	197.99	197.40	197.99	
0.04%
0
May 25, 2020
197.92	197.92	197.92	197.92	
0.00%
0
May 22, 2020
197.89	197.92	197.80	197.92	
0.02%
0
May 21, 2020
197.86	197.89	197.40	197.89	
0.02%
0
May 20, 2020
197.86	197.86	197.80	197.86	
0.00%
0
May 19, 2020
197.75	197.86	197.50	197.86	
0.13%
0
May 18, 2020
197.75	197.75	197.60	197.60	
0.00%
0
May 15, 2020
197.60	197.60	197.60	197.60	
-0.07%
0
May 14, 2020
197.73	197.73	197.60	197.73	
0.12%
0
May 13, 2020
197.70	197.70	197.50	197.50	
0.00%
0
May 12, 2020
197.73	197.73	197.40	197.50	
-0.12%
0
May 11, 2020
197.73	197.73	197.60	197.73	
0.17%
0
May 08, 2020
197.73	197.73	197.40	197.40	
0.00%
0
May 07, 2020
197.40	197.40	197.40	197.40	
0.00%
0
May 06, 2020
197.40	197.40	197.40	197.40	
0.00%
0
May 05, 2020
196.50	197.50	196.50	197.40	
0.46%
0
May 04, 2020
196.50	197.50	196.50	196.50	
-0.41%
0
May 01, 2020
196.50	197.30	196.50	197.30	
0.41%
0
Apr. 30, 2020
196.50	197.20	196.50	196.50	
0.00%
0
Apr. 29, 2020
196.04	197.20	196.04	196.50	
0.23%
0
Apr. 28, 2020
197.55	197.58	196.04	196.04	
-0.76%
0
Apr. 27, 2020
197.50	197.55	197.00	197.55	
0.03%
0
Apr. 24, 2020
197.47	197.50	197.00	197.50	
0.02%
0
Apr. 23, 2020
197.35	197.47	197.00	197.47	
0.06%
0
Apr. 22, 2020
197.25	197.35	197.00	197.35	
0.05%
0
Apr. 21, 2020
197.23	197.25	197.00	197.25	
0.01%
0
Apr. 20, 2020
197.30	197.30	197.00	197.23	
-0.04%
0
Apr. 17, 2020
197.41	197.41	197.30	197.30	
-0.06%
0
Apr. 16, 2020
197.41	197.41	197.30	197.41	
0.00%
0
Apr. 15, 2020
197.48	197.48	197.00	197.41	
-0.04%
0
Apr. 14, 2020
197.50	197.50	197.00	197.48	
-0.01%
0
Apr. 13, 2020
197.45	197.50	197.00	197.50	
0.03%
0
Apr. 10, 2020
197.45	197.45	197.00	197.45	
0.00%
0
Apr. 09, 2020
197.39	197.45	197.39	197.45	
0.03%
0
Apr. 08, 2020
197.34	197.39	197.00	197.39	
0.03%
0
Apr. 07, 2020
197.30	197.34	197.00	197.34	
0.02%
0
Apr. 06, 2020
197.22	197.30	197.00	197.30	
0.04%
0
Apr. 03, 2020
197.18	197.22	197.10	197.22	
0.02%
0
Apr. 02, 2020
197.16	197.18	197.10	197.18	
0.01%
0
Apr. 01, 2020
197.13	197.16	197.13	197.16	
0.02%
0
Mar. 31, 2020
197.11	197.13	197.00	197.13	
0.01%
0
Mar. 30, 2020
196.97	197.11	196.60	197.11	
0.07%
0
Mar. 27, 2020
196.95	196.97	196.60	196.97	
0.01%
0
Mar. 26, 2020
196.95	196.95	196.50	196.95	
0.00%
0
Mar. 25, 2020
196.96	196.96	196.80	196.95	
-0.01%
0
Mar. 24, 2020
196.96	196.96	196.60	196.96	
0.00%
0
Mar. 23, 2020
196.99	196.99	196.50	196.96	
-0.02%
0
Mar. 20, 2020
197.00	197.00	196.50	196.99	
-0.01%
0
Mar. 19, 2020
197.07	197.07	196.50	197.00	
-0.04%
0
Mar. 18, 2020
197.09	197.09	197.00	197.07	
-0.01%
0
Mar. 17, 2020
197.09	197.30	197.00	197.09	
0.05%
0
Mar. 16, 2020
197.00	197.00	197.00	197.00	
-0.05%
0
Mar. 13, 2020
197.04	197.09	197.00	197.09	
0.03%
0
Mar. 12, 2020
197.04	197.04	197.00	197.04	
0.00%
0
Mar. 11, 2020
197.04	197.04	197.00	197.04	
0.00%
0
Mar. 10, 2020
197.03	197.04	197.00	197.04	
0.01%
0
Mar. 09, 2020
196.74	197.03	196.74	197.03	
0.15%
0
Mar. 06, 2020
196.74	196.74	196.60	196.74	
0.00%
0
Mar. 05, 2020
196.74	196.74	196.50	196.74	
0.00%
0
Mar. 04, 2020
196.74	196.74	196.60	196.74	
0.00%
0
Mar. 03, 2020
196.59	196.74	196.50	196.74	
0.08%
0
Mar. 02, 2020
196.59	196.59	196.50	196.59	
0.05%
0
Feb. 28, 2020
196.61	196.61	196.50	196.50	
-0.06%
0
Feb. 27, 2020
196.48	197.00	196.48	196.61	
0.07%
0
Feb. 26, 2020
196.51	196.60	196.48	196.48	
-0.02%
0
Feb. 25, 2020
196.40	196.51	196.40	196.51	
0.06%
0
Feb. 24, 2020
196.06	196.50	196.06	196.40	
0.17%
0
Feb. 21, 2020
195.99	196.06	195.99	196.06	
0.04%
0
Feb. 20, 2020
195.99	196.00	195.99	195.99	
0.00%
0
Feb. 19, 2020
195.51	196.00	195.51	195.99	
0.25%
0
Feb. 18, 2020
195.51	195.51	195.50	195.51	
0.00%
0
Feb. 17, 2020
195.55	195.55	195.50	195.51	
-0.02%
0
Feb. 14, 2020
195.55	195.80	195.55	195.55	
0.00%
0
Feb. 13, 2020
195.55	195.60	195.50	195.55	
0.00%
0
Feb. 12, 2020
195.55	195.55	195.55	195.55	
0.00%
0
Feb. 11, 2020
195.55	195.60	195.55	195.55	
0.00%
0
Feb. 10, 2020
194.98	195.55	194.98	195.55	
0.29%
0
Feb. 07, 2020
194.98	195.00	194.98	194.98	
0.00%
0
Feb. 06, 2020
195.19	195.19	194.98	194.98	
-0.11%
0
Feb. 05, 2020
195.19	195.19	194.50	195.19	
0.00%
0
Feb. 04, 2020
195.19	195.19	194.00	195.19	
0.00%
0
Feb. 03, 2020
195.19	195.19	195.19	195.19	
0.35%
0
Jan. 31, 2020
195.19	195.19	194.00	194.50	
-0.35%
0
Jan. 30, 2020
194.23	195.19	194.00	195.19	
0.49%
0
Jan. 29, 2020
193.77	194.30	193.05	194.23	
0.24%
0
Jan. 28, 2020
193.77	194.00	193.77	193.77	
0.00%
0
Jan. 27, 2020
193.44	193.77	193.44	193.77	
0.17%
0
Jan. 24, 2020
193.29	193.50	193.29	193.44	
0.08%
0
Jan. 23, 2020
192.96	193.30	192.96	193.29	
0.17%
0
Jan. 22, 2020
192.40	193.00	192.40	192.96	
0.29%
0
Jan. 21, 2020
192.40	192.80	192.40	192.40	
0.00%
0
Jan. 20, 2020
191.58	192.50	191.58	192.40	
0.43%
0
Jan. 17, 2020
191.58	191.58	191.58	191.58	
0.00%
0
Jan. 16, 2020
189.78	191.58	189.78	191.58	
0.95%
0
Jan. 15, 2020
189.78	190.60	189.50	189.78	
0.00%
0
Jan. 14, 2020
189.51	189.78	189.50	189.78	
0.14%
0
Jan. 13, 2020
188.45	189.51	188.45	189.51	
0.56%
0
Jan. 10, 2020
188.45	189.00	188.45	188.45	
0.00%
0
Jan. 09, 2020
188.45	188.60	188.45	188.45	
0.00%
0
Jan. 08, 2020
187.85	188.50	187.85	188.45	
0.32%
0
Jan. 07, 2020
187.13	187.85	187.13	187.85	
0.38%
0
Jan. 06, 2020
187.13	187.50	187.13	187.13	
0.00%
0
Jan. 03, 2020
187.09	187.30	187.00	187.13	
0.02%
0
Jan. 02, 2020
186.99	187.09	186.99	187.09	
0.05%
0
Jan. 01, 2020
186.99	186.99	186.99	186.99	
0.00%
0
Dec. 31, 2019
186.99	186.99	186.30	186.99	
0.00%
0
Dec. 30, 2019
186.97	186.99	186.50	186.99	
0.01%
0
Dec. 27, 2019
186.97	187.00	186.97	186.97	
0.00%
0
Dec. 26, 2019
186.97	187.00	186.97	186.97	
0.00%
0
Dec. 25, 2019
186.97	186.97	186.97	186.97	
0.00%
0
Dec. 24, 2019
186.97	186.97	186.50	186.97	
0.00%
0
Dec. 23, 2019
186.00	186.97	186.00	186.97	
0.52%
0
Dec. 20, 2019
186.00	186.50	186.00	186.00	
0.00%
0
Dec. 19, 2019
186.00	186.00	186.00	186.00	
0.00%
0
Dec. 18, 2019
186.00	186.00	186.00	186.00	
-0.16%
0
Dec. 17, 2019
186.30	186.30	186.30	186.30	
0.16%
0
Dec. 16, 2019
186.00	186.00	186.00	186.00	
-0.27%
0
Dec. 13, 2019
186.50	186.50	186.50	186.50	
-0.21%
0
Dec. 12, 2019
187.00	187.00	186.90	186.90	
-0.05%
0
Dec. 11, 2019
187.00	187.00	187.00	187.00	
-0.43%
0
Dec. 10, 2019
187.80	187.80	187.80	187.80	
0.05%
0
Dec. 09, 2019
187.80	187.80	187.70	187.70	
-0.42%
0
Dec. 06, 2019
188.50	188.50	188.50	188.50	
-0.53%
0
Dec. 05, 2019
189.50	189.50	189.50	189.50	
-0.52%
0
Dec. 04, 2019
190.50	190.50	190.50	190.50	
0.26%
0
Dec. 03, 2019
190.50	190.50	190.00	190.00	
-0.21%
0
Dec. 02, 2019
190.50	190.50	190.40	190.40	
-0.05%
0
Nov. 29, 2019
190.50	190.60	190.50	190.50	
0.00%
0
Nov. 28, 2019
190.50	190.50	190.50	190.50	
0.00%
0
Nov. 27, 2019
197.00	197.00	190.50	190.50	
-0.42%
0
Nov. 26, 2019
197.00	197.00	191.30	191.30	
-0.10%
0
Nov. 25, 2019
197.00	197.00	191.50	191.50	
0.00%
0
Nov. 22, 2019
197.00	197.00	191.50	191.50	
0.10%
0
Nov. 21, 2019
197.00	197.00	191.30	191.30	
-2.89%
0
Nov. 20, 2019
197.00	197.00	197.00	197.00	
1.91%
0
Nov. 19, 2019
194.47	197.00	193.00	193.30	
-0.60%
0
Nov. 18, 2019
194.47	197.00	194.47	194.47	
0.00%
0
Nov. 15, 2019
194.47	197.00	194.47	194.47	
-1.28%
0
Nov. 14, 2019
201.85	201.85	197.00	197.00	
0.00%
0
Nov. 13, 2019
201.85	201.85	197.00	197.00	
-3.90%
0
Nov. 12, 2019
209.89	209.89	205.00	205.00	
-2.33%
0
Nov. 11, 2019
210.81	210.81	205.00	209.89	
-0.44%
0
Nov. 08, 2019
210.81	210.81	210.50	210.81	
0.00%
0
Nov. 07, 2019
210.81	210.81	210.70	210.81	
0.00%
0
Nov. 06, 2019
210.81	210.81	210.50	210.81	
0.00%
0
Nov. 05, 2019
210.81	210.81	210.70	210.81	
0.05%
0
Nov. 04, 2019
210.80	210.80	210.70	210.70	
-0.05%
0
Nov. 01, 2019
210.80	210.80	210.80	210.80	
0.00%
0
Oct. 31, 2019
210.80	210.80	210.80	210.80	
0.00%
0
Oct. 30, 2019
210.70	210.80	210.70	210.80	
0.05%
0
Oct. 29, 2019
210.50	210.70	210.50	210.70	
0.05%
0
Oct. 28, 2019
210.60	210.80	210.60	210.60	
0.00%
0
Oct. 25, 2019
210.81	210.81	210.60	210.60	
-0.05%
0
Oct. 24, 2019
210.60	210.70	210.60	210.70	
0.00%
0
Oct. 23, 2019
210.75	210.81	210.50	210.70	
-0.02%
0
Oct. 22, 2019
210.63	210.75	210.40	210.75	
0.06%
0
Oct. 21, 2019
210.55	210.63	210.40	210.63	
0.04%
0
Oct. 18, 2019
210.00	210.55	210.00	210.55	
0.26%
0
Oct. 17, 2019
210.00	210.50	210.00	210.00	
0.00%
0
Oct. 16, 2019
210.00	210.50	210.00	210.00	
0.00%
0
Oct. 15, 2019
210.00	210.50	210.00	210.00	
0.00%
0
Oct. 14, 2019
210.00	210.00	210.00	210.00	
0.00%
0
Oct. 11, 2019
210.00	210.50	210.00	210.00	
0.00%
0
Oct. 10, 2019
210.00	210.50	210.00	210.00	
0.00%
0
Oct. 09, 2019
210.05	210.50	210.00	210.00	
-0.02%
0
Oct. 08, 2019
208.52	210.50	208.52	210.05	
0.73%
0
Oct. 07, 2019
208.52	210.00	208.52	208.52	
0.00%
0
Oct. 04, 2019
208.52	209.60	208.52	208.52	
0.00%
0
Oct. 03, 2019
208.44	208.52	208.44	208.52	
0.04%
0
Oct. 02, 2019
208.44	208.50	208.44	208.44	
0.00%
0
Oct. 01, 2019
208.44	208.50	208.30	208.44	
0.00%
0
Sep. 30, 2019
207.00	208.44	207.00	208.44	
0.70%
0
Sep. 27, 2019
207.26	208.00	207.00	207.00	
-0.13%
0
Sep. 26, 2019
207.92	208.00	207.26	207.26	
-0.32%
0
Sep. 25, 2019
206.00	208.00	206.00	207.92	
0.20%
0
Sep. 24, 2019
207.83	207.83	206.00	207.50	
-0.16%
0
Sep. 23, 2019
207.83	207.83	207.80	207.83	
0.00%
0
Sep. 20, 2019
207.00	207.83	206.00	207.83	
0.40%
0
Sep. 19, 2019
207.49	207.50	200.62	207.00	
-0.24%
0
Sep. 18, 2019
207.49	207.60	207.49	207.49	
0.00%
0
Sep. 17, 2019
205.00	207.50	205.00	207.49	
1.21%
0
Sep. 16, 2019
205.00	207.00	205.00	205.00	
0.00%
0
Sep. 13, 2019
207.83	207.83	205.00	205.00	
-1.36%
0
Sep. 12, 2019
207.83	207.83	207.60	207.83	
0.00%
0
Sep. 11, 2019
208.04	208.04	207.50	207.83	
-0.10%
0
Sep. 10, 2019
208.09	208.09	208.00	208.04	
-0.02%
0
Sep. 09, 2019
207.10	208.09	207.10	208.09	
0.28%
0
Sep. 06, 2019
207.10	207.50	207.10	207.50	
0.19%
0
Sep. 05, 2019
206.61	207.10	206.61	207.10	
0.24%
0
Sep. 04, 2019
205.30	206.61	205.30	206.61	
0.64%
0
Sep. 03, 2019
205.21	206.00	205.21	205.30	
0.04%
0
Sep. 02, 2019
205.21	205.21	205.21	205.21	
0.00%
0
Aug. 30, 2019
205.21	205.50	205.21	205.21	
0.00%
0
Aug. 29, 2019
205.21	205.30	205.00	205.21	
0.00%
0
Aug. 28, 2019
204.87	205.30	204.87	205.21	
0.17%
0
Aug. 27, 2019
204.87	204.87	204.00	204.87	
0.00%
0
Aug. 26, 2019
203.91	204.87	203.91	204.87	
0.47%
0
Aug. 23, 2019
203.91	203.91	203.91	203.91	
0.00%
0
Aug. 22, 2019
203.91	203.91	203.91	203.91	
0.00%
0
Aug. 21, 2019
203.91	203.91	203.91	203.91	
0.00%
0
Aug. 20, 2019
203.94	203.94	203.91	203.91	
-0.01%
0
Aug. 19, 2019
203.94	203.94	203.94	203.94	
0.38%
0
Aug. 16, 2019
203.16	203.16	203.16	203.16	
0.00%
0
Aug. 15, 2019
203.16	203.16	203.16	203.16	
0.00%
0
Aug. 14, 2019
202.27	203.16	202.27	203.16	
0.44%
0
Aug. 13, 2019
202.88	202.88	202.27	202.27	
-0.30%
0
Aug. 12, 2019
202.38	202.88	202.38	202.88	
0.44%
0
Aug. 09, 2019
202.38	202.38	202.00	202.00	
-0.19%
0
Aug. 08, 2019
202.41	202.41	202.00	202.38	
-0.01%
0
Aug. 07, 2019
202.20	202.41	202.00	202.41	
0.10%
0
Aug. 06, 2019
202.20	202.30	202.00	202.20	
0.00%
0
Aug. 05, 2019
202.02	202.20	201.80	202.20	
0.20%
0
Aug. 02, 2019
201.95	202.02	201.80	201.80	
-0.07%
0
Aug. 01, 2019
200.66	202.00	200.66	201.95	
0.64%
0
Jul. 31, 2019
200.66	201.80	200.66	200.66	
0.00%
0
Jul. 30, 2019
200.62	201.50	200.62	200.66	
0.02%
0
Jul. 29, 2019
200.62	201.00	200.62	200.62	
0.00%
0
Jul. 26, 2019
200.62	201.00	200.62	200.62	
0.00%
0
Jul. 25, 2019
200.57	201.00	200.57	200.62	
0.02%
0
Jul. 24, 2019
200.45	201.00	200.45	200.57	
-0.21%
0
Jul. 23, 2019
200.45	201.00	200.45	201.00	
0.15%
0
Jul. 22, 2019
200.45	200.70	200.45	200.70	
0.12%
0
Jul. 19, 2019
200.41	200.60	200.41	200.45	
0.02%
0
Jul. 18, 2019
200.20	200.50	200.20	200.41	
0.10%
0
Jul. 17, 2019
200.10	200.30	200.00	200.20	
0.05%
0
Jul. 16, 2019
200.10	200.30	200.00	200.10	
0.00%
0
Jul. 15, 2019
199.47	200.10	199.47	200.10	
0.32%
0
Jul. 12, 2019
197.99	199.50	197.99	199.47	
0.75%
0
Jul. 11, 2019
197.95	198.00	197.30	197.99	
0.02%
0
Jul. 10, 2019
195.70	197.95	195.70	197.95	
1.15%
0
Jul. 09, 2019
195.70	197.00	195.70	195.70	
0.00%
0
Jul. 08, 2019
195.70	197.60	195.70	195.70	
0.00%
0
Jul. 05, 2019
195.70	197.00	195.70	195.70	
0.00%
0
Jul. 04, 2019
195.70	195.70	195.70	195.70	
0.00%
0
Jul. 03, 2019
195.70	196.00	195.30	195.70	
0.00%
0
Jul. 02, 2019
195.60	195.90	195.30	195.70	
0.05%
0
Jul. 01, 2019
195.30	197.50	195.30	195.60	
0.15%
0
Jun. 28, 2019
195.10	195.50	194.60	195.30	
0.10%
0
Jun. 27, 2019
194.35	195.10	194.35	195.10	
0.39%
0
Jun. 26, 2019
194.35	194.50	194.30	194.35	
0.00%
0
Jun. 25, 2019
194.29	194.35	194.20	194.35	
0.03%
0
Jun. 24, 2019
194.15	194.29	194.00	194.29	
0.07%
0
Jun. 21, 2019
194.00	194.15	194.00	194.15	
0.08%
0
Jun. 20, 2019
193.85	194.00	193.85	194.00	
0.08%
0
Jun. 19, 2019
193.73	194.00	193.73	193.85	
0.18%
0
Jun. 18, 2019
193.17	193.73	193.17	193.50	
0.17%
0
Jun. 17, 2019
193.17	193.17	193.10	193.17	
0.00%
0
Jun. 14, 2019
193.12	193.17	193.00	193.17	
0.03%
0
Jun. 13, 2019
193.12	193.30	193.00	193.12	
0.00%
0
Jun. 12, 2019
193.12	193.12	193.00	193.12	
0.00%
0
Jun. 11, 2019
192.97	193.12	192.97	193.12	
0.08%
0
Jun. 10, 2019
192.97	192.97	192.90	192.97	
0.00%
0
Jun. 07, 2019
192.90	193.00	192.70	192.97	
0.04%
0
Jun. 06, 2019
191.04	192.90	191.04	192.90	
0.97%
0
Jun. 05, 2019
191.04	192.30	191.04	191.04	
0.00%
0
Jun. 04, 2019
190.69	191.04	190.69	191.04	
0.18%
0
Jun. 03, 2019
190.01	190.70	190.01	190.69	
0.36%
0
May 31, 2019
189.45	190.01	189.45	190.01	
0.30%
0
May 30, 2019
188.41	189.45	188.00	189.45	
0.55%
0
May 29, 2019
187.90	188.41	187.90	188.41	
0.27%
0
May 28, 2019
186.91	187.90	186.91	187.90	
0.53%
0
May 27, 2019
185.01	186.91	185.01	186.91	
1.03%
0
May 24, 2019
184.23	185.01	184.23	185.01	
0.42%
0
May 23, 2019
181.58	184.30	181.58	184.23	
1.46%
0
May 22, 2019
181.58	183.00	181.58	181.58	
0.00%
0
May 21, 2019
179.42	181.58	179.42	181.58	
1.20%
0
May 20, 2019
179.42	180.70	179.42	179.42	
-0.38%
0
May 17, 2019
179.42	180.10	179.42	180.10	
0.38%
0
May 16, 2019
178.34	179.42	178.34	179.42	
0.61%
0
May 15, 2019
177.37	178.34	177.37	178.34	
0.55%
0
May 14, 2019
177.37	178.30	177.37	177.37	
0.00%
0
May 13, 2019
176.81	178.30	176.81	177.37	
0.32%
0
May 10, 2019
176.11	176.81	176.11	176.81	
0.40%
0
May 09, 2019
175.35	176.30	175.35	176.11	
0.43%
0
May 08, 2019
175.35	175.80	175.35	175.35	
0.00%
0
May 07, 2019
171.98	175.35	171.98	175.35	
1.96%
0
May 06, 2019
171.98	174.50	171.98	171.98	
0.00%
0
May 03, 2019
171.98	172.80	171.98	171.98	
0.00%
0
May 02, 2019
171.46	172.00	171.46	171.98	
0.30%
0
May 01, 2019
170.73	171.46	170.73	171.46	
0.43%
0
Apr. 30, 2019
168.47	170.73	168.47	170.73	
1.34%
0
Apr. 29, 2019
168.47	169.40	168.47	168.47	
0.00%
0
Apr. 26, 2019
167.21	168.50	167.21	168.47	
0.40%
0
Apr. 25, 2019
167.21	167.80	167.21	167.80	
0.35%
0
Apr. 24, 2019
167.02	167.21	166.50	167.21	
0.11%
0
Apr. 23, 2019
166.62	167.02	166.50	167.02	
0.24%
0
Apr. 22, 2019
166.17	166.62	166.17	166.62	
0.27%
0
Apr. 19, 2019
165.51	166.50	165.50	166.17	
0.40%
0
Apr. 18, 2019
165.51	165.51	165.40	165.51	
0.00%
0
Apr. 17, 2019
167.00	167.00	165.40	165.51	
-0.89%
0
Apr. 16, 2019
164.31	167.00	164.00	167.00	
1.64%
0
Apr. 15, 2019
164.23	164.31	164.00	164.31	
0.05%
0
Apr. 12, 2019
164.23	164.23	164.00	164.23	
0.00%
0
Apr. 11, 2019
164.09	164.23	164.00	164.23	
0.09%
0
Apr. 10, 2019
163.90	164.09	163.90	164.09	
0.12%
0
Apr. 09, 2019
163.45	164.00	161.80	163.90	
0.28%
0
Apr. 08, 2019
163.45	163.50	161.80	163.45	
0.00%
0
Apr. 05, 2019
163.33	163.45	161.80	163.45	
0.07%
0
Apr. 04, 2019
163.01	163.33	161.80	163.33	
0.20%
0
Apr. 03, 2019
162.60	163.01	161.80	163.01	
0.25%
0
Apr. 02, 2019
163.30	163.30	161.70	162.60	
-0.43%
0
Apr. 01, 2019
164.01	164.01	161.80	163.30	
-0.43%
0
Mar. 29, 2019
164.01	164.01	161.80	164.01	
0.00%
0
Mar. 28, 2019
162.20	164.01	161.80	164.01	
1.12%
0
Mar. 27, 2019
162.08	162.20	161.80	162.20	
0.07%
0
Mar. 26, 2019
162.00	162.08	161.80	162.08	
0.05%
0
Mar. 25, 2019
161.63	162.00	161.63	162.00	
0.23%
0
Mar. 22, 2019
161.63	161.80	161.30	161.63	
0.00%
0
Mar. 21, 2019
161.59	161.63	161.30	161.63	
0.02%
0
Mar. 20, 2019
161.51	161.59	161.30	161.59	
0.05%
0
Mar. 19, 2019
161.51	161.51	161.30	161.51	
0.00%
0
Mar. 18, 2019
161.51	161.51	161.50	161.51	
0.00%
0
Mar. 15, 2019
161.51	161.51	161.50	161.51	
0.00%
0
Mar. 14, 2019
161.44	161.51	161.40	161.51	
0.04%
0
Mar. 13, 2019
161.44	161.50	161.44	161.44	
0.00%
0
Mar. 12, 2019
161.27	161.44	161.00	161.44	
0.11%
0
Mar. 11, 2019
161.27	161.30	161.27	161.27	
0.00%
0
Mar. 08, 2019
161.27	161.30	161.27	161.27	
0.00%
0
Mar. 07, 2019
161.27	161.30	161.27	161.27	
0.00%
0
Mar. 06, 2019
161.23	161.30	161.00	161.27	
0.02%
0
Mar. 05, 2019
161.23	161.23	161.00	161.23	
0.00%
0
Mar. 04, 2019
161.19	161.30	161.00	161.23	
-0.04%
0
Mar. 01, 2019
161.10	161.30	161.00	161.30	
0.12%
0
Feb. 28, 2019
160.07	161.10	160.07	161.10	
0.64%
0
Feb. 27, 2019
160.92	161.00	160.07	160.07	
-0.53%
0
Feb. 26, 2019
160.88	160.92	160.50	160.92	
0.02%
0
Feb. 25, 2019
160.78	160.88	160.40	160.88	
0.06%
0
Feb. 22, 2019
160.70	160.78	160.20	160.78	
0.05%
0
Feb. 21, 2019
160.50	160.70	160.50	160.70	
0.12%
0
Feb. 20, 2019
160.50	160.50	160.10	160.50	
0.00%
0
Feb. 19, 2019
160.50	160.50	160.20	160.50	
0.00%
0
Feb. 18, 2019
160.45	160.50	160.40	160.50	
0.03%
0
Feb. 15, 2019
160.40	160.45	160.20	160.45	
-0.03%
0
Feb. 14, 2019
160.39	160.50	160.20	160.50	
0.07%
0
Feb. 13, 2019
160.32	160.39	160.20	160.39	
0.04%
0
Feb. 12, 2019
160.39	160.39	160.00	160.32	
-0.04%
0
Feb. 11, 2019
160.39	160.49	160.00	160.39	
0.00%
0
Feb. 08, 2019
160.49	160.49	160.00	160.39	
-0.06%
0
Feb. 07, 2019
160.50	160.50	160.30	160.49	
-0.01%
0
Feb. 06, 2019
160.51	160.51	160.30	160.50	
-0.01%
0
Feb. 05, 2019
160.51	160.51	160.50	160.51	
0.00%
0
Feb. 04, 2019
160.31	160.51	160.31	160.51	
0.12%
0
Feb. 01, 2019
160.16	160.31	160.16	160.31	
0.09%
0
Jan. 31, 2019
160.06	160.16	160.00	160.16	
0.06%
0
Jan. 30, 2019
160.07	160.10	160.00	160.06	
-0.01%
0
Jan. 29, 2019
160.07	160.30	160.00	160.07	
0.00%
0
Jan. 28, 2019
160.00	160.07	160.00	160.07	
0.04%
0
Jan. 25, 2019
159.70	160.00	159.70	160.00	
0.19%
0
Jan. 24, 2019
159.70	159.80	159.70	159.70	
0.00%
0
Jan. 23, 2019
159.70	159.70	159.00	159.70	
0.00%
0
Jan. 22, 2019
159.47	159.70	159.47	159.70	
0.14%
0
Jan. 21, 2019
159.00	159.47	159.00	159.47	
0.30%
0
Jan. 18, 2019
159.20	159.30	159.00	159.00	
-0.13%
0
Jan. 17, 2019
158.02	159.20	158.02	159.20	
0.75%
0
Jan. 16, 2019
158.76	159.30	158.02	158.02	
-0.47%
0
Jan. 15, 2019
158.42	159.00	158.30	158.76	
0.21%
0
Jan. 14, 2019
158.25	158.42	157.00	158.42	
0.11%
0
Jan. 11, 2019
158.04	158.25	157.00	158.25	
0.13%
0
Jan. 10, 2019
157.67	158.04	157.00	158.04	
0.23%
0
Jan. 09, 2019
157.67	157.67	157.30	157.67	
0.00%
0
Jan. 08, 2019
157.48	157.67	157.00	157.67	
0.12%
0
Jan. 07, 2019
156.82	157.48	156.82	157.48	
0.42%
0
Jan. 04, 2019
156.72	157.60	156.50	156.82	
0.06%
0
Jan. 03, 2019
156.73	157.50	156.72	156.72	
-0.01%
0
Jan. 02, 2019
156.71	156.73	156.50	156.73	
0.01%
0
Jan. 01, 2019
156.71	156.71	156.71	156.71	
0.00%
0
Dec. 31, 2018
156.57	156.71	156.50	156.71	
0.09%
0
Dec. 28, 2018
156.57	156.57	156.50	156.57	
0.00%
0
Dec. 27, 2018
156.57	156.57	156.50	156.57	
0.00%
0
Dec. 26, 2018
156.67	156.67	156.57	156.57	
-0.06%
0
Dec. 25, 2018
156.67	156.67	156.67	156.67	
0.00%
0
Dec. 24, 2018
156.48	156.67	156.30	156.67	
0.24%
0
Dec. 21, 2018
156.41	156.48	156.30	156.30	
-0.07%
0
Dec. 20, 2018
156.38	156.41	156.20	156.41	
0.02%
0
Dec. 19, 2018
156.29	156.38	156.29	156.38	
0.06%
0
Dec. 18, 2018
156.38	156.38	156.00	156.29	
-0.06%
0
Dec. 17, 2018
156.43	157.45	156.38	156.38	
-0.03%
0
Dec. 14, 2018
156.43	157.30	156.43	156.43	
0.15%
0
Dec. 13, 2018
157.69	157.69	156.20	156.20	
-0.94%
0
Dec. 12, 2018
157.69	157.69	156.20	157.69	
0.00%
0
Dec. 11, 2018
157.39	157.69	157.39	157.69	
0.19%
0
Dec. 10, 2018
157.45	157.50	157.30	157.39	
-0.04%
0
Dec. 07, 2018
157.40	157.45	157.30	157.45	
0.03%
0
Dec. 06, 2018
157.40	157.40	157.30	157.40	
0.00%
0
Dec. 05, 2018
157.43	157.43	157.30	157.40	
-0.02%
0
Dec. 04, 2018
157.20	157.43	157.20	157.43	
0.15%
0
Dec. 03, 2018
157.20	157.50	157.20	157.20	
0.00%
0
Nov. 30, 2018
157.40	157.40	157.20	157.20	
-0.13%
0
Nov. 29, 2018
157.40	157.40	157.30	157.40	
0.00%
0
Nov. 28, 2018
157.42	157.42	157.30	157.40	
-0.01%
0
Nov. 27, 2018
157.50	157.50	157.20	157.42	
-0.05%
0
Nov. 26, 2018
157.47	157.50	157.30	157.50	
0.02%
0
Nov. 23, 2018
157.50	157.50	157.30	157.47	
-0.02%
0
Nov. 22, 2018
157.40	157.50	157.30	157.50	
0.06%
0
Nov. 21, 2018
157.40	157.40	157.30	157.40	
0.00%
0
Nov. 20, 2018
157.42	157.42	157.20	157.40	
-0.01%
0
Nov. 19, 2018
157.38	157.42	157.38	157.42	
0.03%
0
Nov. 16, 2018
157.29	157.38	157.29	157.38	
0.06%
0
Nov. 15, 2018
157.29	157.30	157.29	157.29	
0.00%
0
Nov. 14, 2018
157.24	157.30	157.24	157.29	
0.03%
0
Nov. 13, 2018
157.24	157.30	157.24	157.24	
0.00%
0
Nov. 12, 2018
157.18	157.24	157.09	157.24	
0.04%
0
Nov. 09, 2018
157.09	157.18	157.00	157.18	
0.06%
0
Nov. 08, 2018
157.00	157.09	157.00	157.09	
0.06%
0
Nov. 07, 2018
157.00	157.00	157.00	157.00	
0.00%
0
Nov. 06, 2018
156.91	157.00	156.90	157.00	
0.06%
0
Nov. 05, 2018
156.69	156.91	156.69	156.91	
0.14%
0
Nov. 02, 2018
156.63	156.80	156.63	156.69	
0.04%
0
Nov. 01, 2018
156.63	156.63	156.30	156.63	
0.00%
0
Oct. 31, 2018
156.57	156.63	156.50	156.63	
0.04%
0
Oct. 30, 2018
156.40	156.57	156.30	156.57	
0.11%
0
Oct. 29, 2018
156.69	156.69	156.30	156.40	
-0.19%
0
Oct. 26, 2018
156.69	156.69	156.30	156.69	
0.00%
0
Oct. 25, 2018
156.69	156.69	156.30	156.69	
0.00%
0
Oct. 24, 2018
156.59	156.69	156.00	156.69	
0.06%
0
Oct. 23, 2018
156.41	156.59	156.41	156.59	
0.12%
0
Oct. 22, 2018
156.41	156.41	156.00	156.41	
0.00%
0
Oct. 19, 2018
156.41	156.41	156.40	156.41	
0.00%
0
Oct. 18, 2018
156.41	156.41	156.30	156.41	
0.00%
0
Oct. 17, 2018
156.41	156.41	156.40	156.41	
0.00%
0
Oct. 16, 2018
156.43	156.43	156.00	156.41	
-0.01%
0
Oct. 15, 2018
156.35	156.43	156.27	156.43	
0.05%
0
Oct. 12, 2018
156.27	156.35	156.00	156.35	
0.05%
0
Oct. 11, 2018
156.26	156.30	156.26	156.27	
0.01%
0
Oct. 10, 2018
156.15	156.30	156.15	156.26	
0.07%
0
Oct. 09, 2018
156.15	156.15	154.54	156.15	
0.00%
0
Oct. 08, 2018
155.98	156.15	155.98	156.15	
0.11%
0
Oct. 05, 2018
155.74	156.00	155.74	155.98	
0.18%
0
Oct. 04, 2018
155.55	155.74	155.55	155.70	
0.10%
0
Oct. 03, 2018
155.31	155.55	155.31	155.55	
0.15%
0
Oct. 02, 2018
155.36	155.36	155.30	155.31	
-0.03%
0
Oct. 01, 2018
155.27	155.36	155.27	155.36	
0.06%
0
Sep. 28, 2018
155.05	155.27	155.05	155.27	
0.17%
0
Sep. 27, 2018
154.95	155.05	154.95	155.00	
0.03%
0
Sep. 26, 2018
154.54	154.95	154.54	154.95	
0.27%
0
Sep. 25, 2018
154.54	154.60	154.50	154.54	
0.00%
0
Sep. 24, 2018
154.54	154.54	154.50	154.54	
0.00%
0
Sep. 21, 2018
154.54	154.54	154.50	154.54	
0.00%
0
Sep. 20, 2018
154.28	154.54	154.28	154.54	
0.17%
0
Sep. 19, 2018
154.28	154.40	154.28	154.28	
0.00%
0
Sep. 18, 2018
154.28	154.30	154.28	154.28	
0.00%
0
Sep. 17, 2018
154.21	154.28	154.20	154.28	
0.05%
0
Sep. 14, 2018
154.08	154.30	154.08	154.21	
0.08%
0
Sep. 13, 2018
154.08	154.08	154.00	154.08	
0.00%
0
Sep. 12, 2018
154.11	154.17	154.00	154.08	
0.05%
0
Sep. 11, 2018
154.48	154.48	154.00	154.00	
-0.31%
0
Sep. 10, 2018
154.48	154.48	154.17	154.48	
0.00%
0
Sep. 07, 2018
154.38	154.48	154.38	154.48	
0.06%
0
Sep. 06, 2018
154.38	154.38	154.38	154.38	
0.14%
0
Sep. 05, 2018
154.05	154.17	154.05	154.17	
0.08%
0
Sep. 04, 2018
153.99	154.05	153.99	154.05	
0.04%
0
Sep. 03, 2018
153.96	153.99	153.96	153.99	
0.02%
0
Aug. 31, 2018
153.96	153.96	153.96	153.96	
0.00%
0
Aug. 30, 2018
154.02	154.02	153.96	153.96	
-0.04%
0
Aug. 29, 2018
153.70	154.02	153.70	154.02	
0.21%
0
Aug. 28, 2018
153.70	153.70	153.60	153.70	
0.00%
0
Aug. 27, 2018
153.70	153.70	153.70	153.70	
0.00%
0
Aug. 24, 2018
153.70	153.70	153.50	153.70	
0.00%
0
Aug. 23, 2018
153.65	153.90	153.50	153.70	
0.03%
0
Aug. 22, 2018
153.97	153.97	153.50	153.65	
-0.21%
0
Aug. 21, 2018
153.98	153.98	153.90	153.97	
0.31%
0
Aug. 20, 2018
153.80	153.80	153.50	153.50	
-0.20%
0
Aug. 17, 2018
153.80	153.80	153.80	153.80	
0.20%
0
Aug. 16, 2018
153.80	153.80	153.50	153.50	
0.26%
0
Aug. 15, 2018
153.00	153.10	153.00	153.10	
0.07%
0
Aug. 14, 2018
152.90	153.00	152.90	153.00	
0.26%
0
Aug. 13, 2018
152.60	152.60	152.60	152.60	
0.20%
0
Aug. 10, 2018
152.30	152.30	152.30	152.30	
0.20%
0
Aug. 09, 2018
152.00	152.00	152.00	152.00	
0.20%
0
Aug. 08, 2018
151.80	151.80	151.70	151.70	
0.26%
0
Aug. 07, 2018
151.00	151.30	151.00	151.30	
0.13%
0
Aug. 06, 2018
151.10	151.10	151.10	151.10	
0.07%
0
Aug. 03, 2018
151.00	151.00	151.00	151.00	
0.00%
0
Aug. 02, 2018
150.40	151.00	150.40	151.00	
0.27%
0
Aug. 01, 2018
150.40	150.60	150.40	150.60	
-0.07%
0
Jul. 31, 2018
150.40	150.80	150.40	150.70	
-0.07%
0
Jul. 30, 2018
150.40	150.80	150.40	150.80	
0.27%
0
Jul. 27, 2018
150.40	150.40	150.40	150.40	
0.00%
0
Jul. 26, 2018
150.40	150.40	150.40	150.40	
0.00%
0
Jul. 25, 2018
150.40	150.40	150.40	150.40	
0.00%
0
Jul. 24, 2018
150.40	150.40	150.40	150.40	
0.00%
0
Jul. 23, 2018
150.40	150.40	150.40	150.40	
0.00%
0
Jul. 20, 2018
152.30	152.30	150.40	150.40	
-1.25%
0
Jul. 19, 2018
160.60	160.60	152.30	152.30	
-5.17%
0
Jul. 18, 2018
157.15	161.30	157.15	160.60	
-0.43%
0
Jul. 17, 2018
159.81	161.30	157.15	161.30	
0.93%
0
Jul. 16, 2018
159.03	159.81	159.03	159.81	
0.49%
0
Jul. 13, 2018
158.49	159.10	158.30	159.03	
0.34%
0
Jul. 12, 2018
157.15	158.49	157.00	158.49	
0.85%
0
Jul. 11, 2018
157.15	158.40	157.00	157.15	
0.00%
0
Jul. 10, 2018
156.19	157.15	156.10	157.15	
0.61%
0
Jul. 09, 2018
151.60	156.19	151.28	156.19	
3.03%
0
Jul. 06, 2018
151.60	154.30	151.30	151.60	
0.00%
0
Jul. 05, 2018
151.28	151.60	150.00	151.60	
0.21%
0
Jul. 04, 2018
150.93	151.28	150.93	151.28	
0.23%
0
Jul. 03, 2018
150.14	150.93	150.00	150.93	
0.53%
0
Jul. 02, 2018
149.23	150.14	148.39	150.14	
0.61%
0
Jun. 29, 2018
148.78	149.23	148.78	149.23	
0.30%
0
Jun. 28, 2018
148.39	148.80	148.39	148.78	
0.26%
0
Jun. 27, 2018
148.39	148.39	148.20	148.39	
0.47%
0
Jun. 26, 2018
147.90	147.90	147.70	147.70	
0.27%
0
Jun. 25, 2018
147.30	147.30	147.30	147.30	
0.75%
0
Jun. 22, 2018
145.10	146.30	145.10	146.20	
0.83%
0
Jun. 21, 2018
142.96	145.00	142.96	145.00	
1.43%
0
Jun. 20, 2018
141.78	142.96	141.70	142.96	
0.83%
0
Jun. 19, 2018
140.81	141.80	140.81	141.78	
0.69%
0
Jun. 18, 2018
140.17	140.81	140.17	140.81	
0.46%
0
Jun. 15, 2018
140.00	140.50	140.00	140.17	
0.00%
0
Jun. 14, 2018
139.77	140.17	139.77	140.17	
0.29%
0
Jun. 13, 2018
139.67	139.77	139.67	139.77	
0.07%
0
Jun. 12, 2018
140.32	140.32	139.67	139.67	
-0.46%
0
Jun. 11, 2018
138.38	140.32	138.38	140.32	
1.40%
0
Jun. 08, 2018
138.27	138.38	138.20	138.38	
0.08%
0
Jun. 07, 2018
138.27	138.27	138.10	138.27	
0.00%
0
Jun. 06, 2018
138.27	138.27	138.00	138.27	
0.00%
0
Jun. 05, 2018
138.27	138.27	138.00	138.27	
0.12%
0
Jun. 04, 2018
137.70	138.10	137.70	138.10	
0.29%
0
Jun. 01, 2018
137.80	137.80	137.70	137.70	
-0.07%
0
May 31, 2018
137.60	137.90	137.60	137.80	
0.15%
0
May 30, 2018
137.80	137.80	137.60	137.60	
-0.15%
0
May 29, 2018
137.80	137.80	137.80	137.80	
0.36%
0
May 28, 2018
137.30	137.30	137.30	137.30	
0.22%
0
May 25, 2018
136.21	137.00	136.21	137.00	
0.58%
0
May 24, 2018
136.21	136.21	136.21	136.21	
0.00%
0
May 23, 2018
133.80	136.80	133.80	136.21	
1.80%
0
May 22, 2018
133.78	136.00	133.78	133.80	
0.01%
0
May 21, 2018
133.60	133.90	133.60	133.78	
0.13%
0
May 18, 2018
133.56	133.60	133.56	133.60	
0.03%
0
May 17, 2018
131.99	133.56	131.99	133.56	
1.19%
0
May 16, 2018
131.99	131.99	131.99	131.99	
0.00%
0
May 15, 2018
131.99	132.20	131.99	131.99	
-0.01%
0
May 14, 2018
131.99	132.00	131.99	132.00	
0.01%
0
May 11, 2018
131.90	131.99	131.90	131.99	
0.07%
0
May 10, 2018
131.90	131.90	131.80	131.90	
0.00%
0
May 09, 2018
131.82	131.90	131.82	131.90	
0.06%
0
May 08, 2018
131.82	131.82	131.80	131.82	
0.00%
0
May 07, 2018
132.18	132.18	131.62	131.82	
-0.27%
0
May 04, 2018
131.62	132.18	131.62	132.18	
0.43%
0
May 03, 2018
131.51	131.62	131.50	131.62	
0.08%
0
May 02, 2018
131.74	131.74	131.51	131.51	
-0.17%
0
May 01, 2018
131.53	131.74	131.50	131.74	
0.16%
0
Apr. 30, 2018
131.24	131.53	131.00	131.53	
0.22%
0
Apr. 27, 2018
131.01	131.24	130.70	131.24	
0.18%
0
Apr. 26, 2018
131.01	131.01	130.50	131.01	
0.00%
0
Apr. 25, 2018
131.11	131.11	130.40	131.01	
-0.08%
0
Apr. 24, 2018
130.87	131.11	130.00	131.11	
0.18%
0
Apr. 23, 2018
130.58	130.87	130.50	130.87	
0.22%
0
Apr. 20, 2018
130.41	130.58	130.00	130.58	
0.13%
0
Apr. 19, 2018
130.56	130.56	130.30	130.41	
-0.11%
0
Apr. 18, 2018
131.75	131.75	130.00	130.56	
-0.90%
0
Apr. 17, 2018
132.15	132.15	130.00	131.75	
-0.30%
0
Apr. 16, 2018
132.13	132.15	130.20	132.15	
0.02%
0
Apr. 13, 2018
132.13	132.13	130.20	132.13	
0.00%
0
Apr. 12, 2018
131.98	132.13	130.20	132.13	
0.11%
0
Apr. 11, 2018
133.20	133.20	131.80	131.98	
-0.92%
0
Apr. 10, 2018
131.73	133.20	131.73	133.20	
1.12%
0
Apr. 09, 2018
131.73	131.73	131.73	131.73	
0.00%
0
Apr. 06, 2018
131.60	131.73	131.50	131.73	
0.10%
0
Apr. 05, 2018
131.57	131.60	131.50	131.60	
0.02%
0
Apr. 04, 2018
131.58	131.60	131.50	131.57	
-0.01%
0
Apr. 03, 2018
131.75	131.75	131.50	131.58	
-0.13%
0
Apr. 02, 2018
131.75	131.75	131.30	131.75	
0.00%
0
Mar. 30, 2018
131.40	131.75	131.40	131.75	
0.27%
0
Mar. 29, 2018
131.35	131.40	130.01	131.40	
0.04%
0
Mar. 28, 2018
131.29	131.35	131.29	131.35	
0.05%
0
Mar. 27, 2018
131.00	131.29	131.00	131.29	
0.14%
0
Mar. 26, 2018
131.11	131.11	131.00	131.10	
-0.01%
0
Mar. 23, 2018
131.11	131.11	131.00	131.11	
0.00%
0
Mar. 22, 2018
131.05	131.11	131.05	131.11	
0.05%
0
Mar. 21, 2018
132.37	132.37	131.00	131.05	
-1.00%
0
Mar. 20, 2018
131.04	132.37	131.00	132.37	
1.01%
0
Mar. 19, 2018
130.96	131.04	130.96	131.04	
0.06%
0
Mar. 16, 2018
130.89	131.10	130.89	130.96	
0.05%
0
Mar. 15, 2018
130.89	130.90	130.80	130.89	
0.00%
0
Mar. 14, 2018
130.89	130.89	130.80	130.89	
0.00%
0
Mar. 13, 2018
130.66	130.89	130.66	130.89	
0.18%
0
Mar. 12, 2018
130.66	130.80	130.66	130.66	
0.00%
0
Mar. 09, 2018
130.66	130.70	130.66	130.66	
0.00%
0
Mar. 08, 2018
130.61	130.66	130.50	130.66	
0.04%
0
Mar. 07, 2018
130.47	130.61	130.30	130.61	
0.11%
0
Mar. 06, 2018
130.64	130.64	130.40	130.47	
-0.13%
0
Mar. 05, 2018
130.29	130.64	130.13	130.64	
0.26%
0
Mar. 02, 2018
130.13	130.30	130.00	130.30	
0.13%
0
Mar. 01, 2018
130.07	130.13	130.00	130.13	
0.05%
0
Feb. 28, 2018
130.01	130.07	130.00	130.07	
0.05%
0
Feb. 27, 2018
130.00	130.01	130.00	130.01	
-0.07%
0
Feb. 26, 2018
129.77	130.10	129.77	130.10	
0.31%
0
Feb. 23, 2018
129.28	129.80	129.28	129.70	
0.32%
0
Feb. 22, 2018
128.19	129.30	128.19	129.28	
0.85%
0
Feb. 21, 2018
128.00	128.19	128.00	128.19	
0.09%
0
Feb. 20, 2018
128.18	128.18	128.08	128.08	
-0.08%
0
Feb. 19, 2018
127.51	128.18	127.51	128.18	
0.53%
0
Feb. 16, 2018
126.26	127.51	126.26	127.51	
0.99%
0
Feb. 15, 2018
125.95	126.26	125.80	126.26	
0.25%
0
Feb. 14, 2018
125.67	125.95	125.67	125.95	
0.22%
0
Feb. 13, 2018
125.39	125.67	125.00	125.67	
0.06%
0
Feb. 12, 2018
125.39	125.60	125.39	125.60	
0.17%
0
Feb. 09, 2018
125.10	125.39	125.00	125.39	
0.27%
0
Feb. 08, 2018
124.59	125.05	124.59	125.05	
0.37%
0
Feb. 07, 2018
123.97	124.59	123.70	124.59	
0.50%
0
Feb. 06, 2018
122.43	123.97	122.43	123.97	
1.26%
0
Feb. 05, 2018
122.43	122.50	122.40	122.43	
1.77%
0
Feb. 02, 2018
124.14	124.14	120.30	120.30	
-3.09%
0
Feb. 01, 2018
124.14	124.14	120.30	124.14	
2.09%
0
Jan. 31, 2018
128.93	128.93	121.50	121.60	
-5.69%
0
Jan. 30, 2018
128.42	128.93	128.42	128.93	
0.40%
0
Jan. 29, 2018
127.92	128.90	127.92	128.42	
0.39%
0
Jan. 26, 2018
127.87	127.92	127.60	127.92	
0.04%
0
Jan. 25, 2018
127.87	127.87	127.50	127.87	
0.00%
0
Jan. 24, 2018
127.57	127.90	127.57	127.87	
0.29%
0
Jan. 23, 2018
127.57	127.57	127.00	127.50	
-0.05%
0
Jan. 22, 2018
127.37	127.57	127.37	127.57	
0.16%
0
Jan. 19, 2018
127.37	127.50	127.37	127.37	
0.00%
0
Jan. 18, 2018
127.37	127.37	127.00	127.37	
0.00%
0
Jan. 17, 2018
126.87	127.37	126.87	127.37	
1.17%
0
Jan. 16, 2018
126.87	126.87	125.80	125.90	
-0.76%
0
Jan. 15, 2018
126.34	126.87	126.34	126.87	
0.42%
0
Jan. 12, 2018
126.24	126.34	126.00	126.34	
0.08%
0
Jan. 11, 2018
125.64	126.30	125.64	126.24	
0.75%
0
Jan. 10, 2018
125.64	125.64	125.00	125.30	
-0.27%
0
Jan. 09, 2018
125.32	125.64	125.00	125.64	
0.26%
0
Jan. 08, 2018
125.17	125.32	125.00	125.32	
0.12%
0
Jan. 05, 2018
125.17	125.17	125.00	125.17	
0.00%
0
Jan. 04, 2018
125.18	125.18	125.00	125.17	
-0.01%
0
Jan. 03, 2018
125.18	125.18	125.00	125.18	
0.00%
0
Jan. 02, 2018
125.17	125.18	125.00	125.18	
0.01%
0
Jan. 01, 2018
125.17	125.17	125.17	125.17	
0.00%
0
Dec. 29, 2017
125.18	125.18	125.00	125.17	
-0.01%
0
Dec. 28, 2017
125.18	125.18	125.00	125.18	
0.00%
0
Dec. 27, 2017
125.16	125.18	125.00	125.18	
0.02%
0
Dec. 26, 2017
125.16	125.20	125.00	125.16	
0.00%
0
Dec. 22, 2017
125.16	125.16	125.10	125.16	
0.00%
0
Dec. 21, 2017
125.17	125.17	125.00	125.16	
0.05%
0
Dec. 20, 2017
125.18	125.18	125.00	125.10	
-0.06%
0
Dec. 19, 2017
125.10	125.18	125.00	125.18	
0.00%
0
Dec. 18, 2017
125.16	125.18	125.00	125.18	
0.02%
0
Dec. 15, 2017
125.18	125.18	125.00	125.16	
-0.02%
0
Dec. 14, 2017
125.17	125.18	125.00	125.18	
0.01%
0
Dec. 13, 2017
125.18	125.18	125.10	125.17	
-0.01%
0
Dec. 12, 2017
125.18	125.18	125.00	125.18	
0.14%
0
Dec. 11, 2017
125.18	125.18	125.00	125.00	
-0.08%
0
Dec. 08, 2017
125.15	125.18	125.00	125.10	
-0.04%
0
Dec. 07, 2017
125.18	125.18	125.00	125.15	
-0.02%
0
Dec. 06, 2017
125.29	125.29	125.00	125.18	
-0.09%
0
Dec. 05, 2017
125.14	125.29	125.00	125.29	
0.15%
0
Dec. 04, 2017
125.16	125.16	125.00	125.10	
-0.05%
0
Dec. 01, 2017
125.18	125.30	125.00	125.16	
-0.02%
0
Nov. 30, 2017
124.17	125.18	124.00	125.18	
0.81%
0
Nov. 29, 2017
124.17	125.10	124.17	124.17	
0.00%
0
Nov. 28, 2017
124.65	124.65	124.00	124.17	
-0.39%
0
Nov. 27, 2017
124.65	124.65	124.60	124.65	
0.00%
0
Nov. 24, 2017
124.63	124.65	124.50	124.65	
0.02%
0
Nov. 23, 2017
124.58	124.63	124.50	124.63	
0.04%
0
Nov. 22, 2017
124.58	124.60	124.58	124.58	
-0.02%
0
Nov. 21, 2017
124.53	124.60	124.50	124.60	
0.06%
0
Nov. 20, 2017
124.20	124.53	124.20	124.53	
0.27%
0
Nov. 17, 2017
124.20	124.50	124.20	124.20	
0.00%
0
Nov. 16, 2017
124.20	124.40	124.00	124.20	
0.00%
0
Nov. 15, 2017
122.68	124.20	122.68	124.20	
1.24%
0
Nov. 14, 2017
122.68	123.80	122.68	122.68	
0.00%
0
Nov. 13, 2017
122.48	122.70	122.48	122.68	
0.16%
0
Nov. 10, 2017
122.24	122.48	122.24	122.48	
0.20%
0
Nov. 09, 2017
121.50	122.50	119.21	122.24	
2.54%
0
Nov. 08, 2017
119.21	121.40	119.21	119.21	
0.00%
0
Nov. 07, 2017
119.09	119.21	119.09	119.21	
0.10%
0
Nov. 06, 2017
119.04	119.09	119.00	119.09	
0.04%
0
Nov. 03, 2017
119.04	119.10	118.90	119.04	
0.00%
0
Nov. 02, 2017
118.96	119.04	118.90	119.04	
0.07%
0
Nov. 01, 2017
118.90	119.00	118.90	118.96	
0.05%
0
Oct. 31, 2017
118.42	119.00	117.51	118.90	
0.41%
0
Oct. 30, 2017
118.66	118.90	117.51	118.42	
-0.20%
0
Oct. 27, 2017
118.45	118.66	118.45	118.66	
0.18%
0
Oct. 26, 2017
118.45	118.60	118.40	118.45	
0.00%
0
Oct. 25, 2017
118.37	118.50	118.37	118.45	
-0.04%
0
Oct. 24, 2017
118.31	118.50	118.30	118.50	
0.16%
0
Oct. 23, 2017
118.07	118.31	117.97	118.31	
0.01%
0
Oct. 20, 2017
118.07	118.30	117.80	118.30	
0.19%
0
Oct. 19, 2017
117.97	118.07	117.97	118.07	
0.08%
0
Oct. 18, 2017
117.93	117.97	117.80	117.97	
0.06%
0
Oct. 17, 2017
118.00	118.00	117.90	117.90	
0.08%
0
Oct. 16, 2017
117.80	117.80	117.70	117.80	
0.00%
0
Oct. 13, 2017
117.80	117.80	117.80	117.80	
0.08%
0
Oct. 12, 2017
117.60	117.70	117.60	117.70	
0.09%
0
Oct. 11, 2017
117.70	117.70	117.60	117.60	
0.00%
0
Oct. 10, 2017
117.60	117.70	117.10	117.60	
0.26%
0
Oct. 09, 2017
117.30	117.30	117.30	117.30	
0.00%
0
Oct. 06, 2017
117.40	117.40	117.30	117.30	
-0.17%
0
Oct. 05, 2017
117.50	117.50	117.40	117.50	
0.26%
0
Oct. 04, 2017
117.30	117.30	117.20	117.20	
0.00%
0
Oct. 03, 2017
117.30	117.30	117.20	117.20	
0.17%
0
Oct. 02, 2017
117.00	117.00	117.00	117.00	
-0.09%
0
Sep. 29, 2017
117.00	117.10	117.00	117.10	
0.00%
0
Sep. 28, 2017
117.00	117.10	117.00	117.10	
0.17%
0
Sep. 27, 2017
117.00	117.00	116.90	116.90	
-0.09%
0
Sep. 26, 2017
117.00	117.00	117.00	117.00	
0.09%
0
Sep. 25, 2017
117.00	117.00	116.90	116.90	
-0.09%
0
Sep. 22, 2017
117.00	117.00	116.90	117.00	
0.26%
0
Sep. 21, 2017
116.70	116.90	116.70	116.70	
-0.09%
0
Sep. 20, 2017
116.80	116.80	116.80	116.80	
0.09%
0
Sep. 19, 2017
116.80	116.80	116.70	116.70	
-0.09%
0
Sep. 18, 2017
116.70	116.80	116.70	116.80	
0.26%
0
Sep. 15, 2017
116.50	116.50	116.50	116.50	
-0.09%
0
Sep. 14, 2017
116.50	116.60	116.50	116.60	
0.09%
0
Sep. 13, 2017
116.40	116.50	116.40	116.50	
0.00%
0
Sep. 12, 2017
116.40	116.50	116.40	116.50	
0.00%
0
Sep. 11, 2017
116.60	116.60	116.50	116.50	
0.09%
0
Sep. 08, 2017
116.40	116.40	116.40	116.40	
-0.17%
0
Sep. 07, 2017
116.50	116.60	116.50	116.60	
0.17%
0
Sep. 06, 2017
116.50	116.50	116.40	116.40	
0.09%
0
Sep. 05, 2017
116.30	116.30	116.30	116.30	
1.39%
0
Sep. 04, 2017
114.70	114.70	114.70	114.70	
0.00%
0
Sep. 01, 2017
114.60	114.70	114.60	114.70	
0.09%
0
Aug. 31, 2017
114.70	114.70	114.60	114.60	
-0.09%
0
Aug. 30, 2017
114.70	114.70	114.60	114.70	
0.26%
0
Aug. 29, 2017
114.40	114.40	114.40	114.40	
0.00%
0
Aug. 28, 2017
114.70	114.70	114.40	114.40	
0.09%
0
Aug. 25, 2017
114.40	114.40	114.30	114.30	
-0.17%
0
Aug. 24, 2017
114.40	114.50	114.40	114.50	
0.00%
0
Aug. 23, 2017
114.50	114.50	114.50	114.50	
0.09%
0
Aug. 22, 2017
114.40	114.40	114.40	114.40	
0.00%
0
Aug. 21, 2017
114.40	114.40	114.40	114.40	
0.00%
0
Aug. 18, 2017
114.40	114.40	114.40	114.40	
0.00%
0
Aug. 17, 2017
114.40	114.40	114.40	114.40	
0.00%
0
Aug. 16, 2017
114.40	114.40	114.40	114.40	
0.00%
0
Aug. 15, 2017
114.40	114.40	114.40	114.40	
0.00%
0
Aug. 14, 2017
114.40	114.40	114.40	114.40	
0.00%
0
Aug. 11, 2017
114.40	114.40	114.40	114.40	
0.00%
0
Aug. 10, 2017
114.40	114.40	114.40	114.40	
0.00%
0
Aug. 09, 2017
114.40	114.40	114.40	114.40	
0.00%
0
Aug. 08, 2017
114.50	114.50	114.40	114.40	
-0.17%
0
Aug. 07, 2017
114.40	114.60	114.40	114.60	
0.17%
0
Aug. 04, 2017
114.50	114.50	114.40	114.40	
0.00%
0
Aug. 03, 2017
113.70	114.50	113.70	114.40	
0.53%
0
Aug. 02, 2017
114.00	114.00	113.80	113.80	
0.26%
0
Aug. 01, 2017
113.50	113.50	113.50	113.50	
0.09%
0
Jul. 31, 2017
113.50	113.50	113.40	113.40	
-0.09%
0
Jul. 28, 2017
113.50	113.50	113.50	113.50	
0.00%
0
Jul. 27, 2017
113.50	113.50	113.50	113.50	
0.00%
0
Jul. 26, 2017
113.40	113.50	113.40	113.50	
0.44%
0
Jul. 25, 2017
113.00	113.00	113.00	113.00	
0.00%
0
Jul. 24, 2017
113.00	113.00	113.00	113.00	
0.44%
0
Jul. 21, 2017
90.00	112.50	90.00	112.50	
23.63%
0
Jul. 20, 2017
91.00	91.00	90.00	91.00	
1.11%
0
Jul. 19, 2017
90.00	90.00	90.00	90.00	
-1.10%
0
Jul. 18, 2017
90.00	91.00	90.00	91.00	
0.00%
0
Jul. 17, 2017
90.00	91.00	90.00	91.00	
0.00%
0
Jul. 14, 2017
91.00	91.00	91.00	91.00	
0.00%
0
Jul. 13, 2017
90.00	91.00	90.00	91.00	
0.00%
0
Jul. 12, 2017
90.00	91.00	90.00	91.00	
1.11%
0
Jul. 11, 2017
91.00	91.00	90.00	90.00	
0.00%
0
Jul. 10, 2017
91.00	91.00	90.00	90.00	
0.00%
0
Jul. 07, 2017
90.00	91.00	90.00	90.00	
0.00%
0
Jul. 06, 2017
90.00	90.00	90.00	90.00	
-1.10%
0
Jul. 05, 2017
91.00	91.00	91.00	91.00	
1.11%
0
Jul. 04, 2017
90.00	90.00	90.00	90.00	
-1.10%
0
Jul. 03, 2017
91.00	91.00	91.00	91.00	
0.00%
0
Jun. 30, 2017
91.00	91.00	91.00	91.00	
1.11%
0
Jun. 29, 2017
91.00	91.00	90.00	90.00	
0.00%
0
Jun. 28, 2017
91.00	91.00	90.00	90.00	
-1.10%
0
Jun. 27, 2017
91.00	91.00	91.00	91.00	
1.11%
0
Jun. 26, 2017
91.00	91.00	90.00	90.00	
-1.10%
0
Jun. 23, 2017
91.00	91.00	91.00	91.00	
1.11%
0
Jun. 22, 2017
90.00	91.00	90.00	90.00	
-1.10%
0
Jun. 21, 2017
91.00	91.00	91.00	91.00	
1.11%
0
Jun. 20, 2017
91.00	91.00	90.00	90.00	
0.00%
0
Jun. 19, 2017
90.00	91.00	90.00	90.00	
-1.10%
0
Jun. 16, 2017
90.00	91.00	90.00	91.00	
1.11%
0
Jun. 15, 2017
90.00	91.00	90.00	90.00	
0.00%
0
Jun. 14, 2017
91.00	91.00	90.00	90.00	
-1.10%
0
Jun. 13, 2017
92.00	92.00	91.00	91.00	
-1.09%
0
Jun. 12, 2017
92.00	92.00	91.00	92.00	
1.10%
0
Jun. 09, 2017
92.00	92.00	91.00	91.00	
-1.09%
0
Jun. 08, 2017
91.00	92.00	91.00	92.00	
1.10%
0
Jun. 07, 2017
92.00	92.00	91.00	91.00	
-1.09%
0
Jun. 06, 2017
91.00	92.00	91.00	92.00	
1.10%
0
Jun. 05, 2017
91.00	92.00	91.00	91.00	
-1.09%
0
Jun. 02, 2017
91.00	92.00	91.00	92.00	
1.10%
0
Jun. 01, 2017
91.00	92.00	91.00	91.00	
0.00%
0
May 31, 2017
92.00	92.00	91.00	91.00	
-1.09%
0
May 30, 2017
92.00	92.00	91.00	92.00	
0.00%
0
May 29, 2017
92.00	92.00	92.00	92.00	
1.10%
0
May 26, 2017
91.00	92.00	91.00	91.00	
0.00%
0
May 25, 2017
92.00	92.00	91.00	91.00	
-1.09%
0
May 24, 2017
92.00	92.00	91.00	92.00	
0.00%
0
May 23, 2017
92.00	92.00	91.00	92.00	
0.00%
0
May 22, 2017
92.00	92.00	91.00	92.00	
1.10%
0
May 19, 2017
91.00	92.00	91.00	91.00	
0.00%
0
May 18, 2017
91.00	92.00	91.00	91.00	
0.00%
0
May 17, 2017
91.00	91.00	91.00	91.00	
0.00%
0
May 16, 2017
91.00	92.00	91.00	91.00	
0.00%
0
May 15, 2017
92.00	92.00	91.00	91.00	
0.00%
0
May 12, 2017
92.00	92.00	91.00	91.00	
0.00%
0
May 11, 2017
92.00	92.00	91.00	91.00	
0.00%
0
May 10, 2017
92.00	93.00	91.00	91.00	
0.00%
0
May 09, 2017
92.00	92.00	91.00	91.00	
-1.09%
0
May 08, 2017
91.00	92.00	91.00	92.00	
1.10%
0
May 05, 2017
91.00	91.00	91.00	91.00	
-1.09%
0
May 04, 2017
91.00	92.00	91.00	92.00	
1.10%
0
May 03, 2017
91.00	91.00	91.00	91.00	
0.00%
0
May 02, 2017
90.00	91.00	90.00	91.00	
0.00%
0
May 01, 2017
90.00	91.00	90.00	91.00	
0.00%
0
Apr. 28, 2017
90.00	91.00	90.00	91.00	
0.00%
0
Apr. 27, 2017
90.00	91.00	90.00	91.00	
-1.09%
0
Apr. 26, 2017
90.00	92.00	90.00	92.00	
2.22%
0
Apr. 25, 2017
90.00	90.00	90.00	90.00	
0.00%
0
Apr. 24, 2017
90.00	90.00	90.00	90.00	
0.00%
0
Apr. 20, 2017
92.00	92.00	90.00	90.00	
-1.10%
0
Apr. 19, 2017
90.00	91.00	90.00	91.00	
0.00%
0
Apr. 18, 2017
90.00	91.00	90.00	91.00	
-1.09%
0
Apr. 17, 2017
90.00	92.00	90.00	92.00	
1.10%
0
Apr. 14, 2017
90.00	91.00	90.00	91.00	
0.00%
0
Apr. 13, 2017
90.00	91.00	90.00	91.00	
1.11%
0
Apr. 12, 2017
90.00	90.00	90.00	90.00	
-2.17%
0
Apr. 11, 2017
92.00	92.00	90.00	92.00	
2.22%
0
Apr. 10, 2017
90.00	90.00	90.00	90.00	
-1.10%
0
Apr. 07, 2017
90.00	91.00	90.00	91.00	
0.00%
0
Apr. 06, 2017
90.00	91.00	90.00	91.00	
0.00%
0
Apr. 05, 2017
90.00	91.00	90.00	91.00	
0.00%
0
Apr. 04, 2017
90.00	91.00	90.00	91.00	
-1.09%
0
Apr. 03, 2017
90.00	92.00	90.00	92.00	
2.22%
0
Mar. 31, 2017
90.00	90.00	90.00	90.00	
-2.17%
0
Mar. 30, 2017
92.00	92.00	90.00	92.00	
1.10%
0
Mar. 29, 2017
90.00	91.00	90.00	91.00	
1.11%
0
Mar. 28, 2017
90.00	90.00	90.00	90.00	
-1.10%
0
Mar. 27, 2017
90.00	92.00	90.00	91.00	
0.00%
0
Mar. 24, 2017
90.00	91.00	90.00	91.00	
1.11%
0
Mar. 23, 2017
90.00	90.00	90.00	90.00	
-2.17%
0
Mar. 22, 2017
90.00	92.00	90.00	92.00	
1.10%
0
Mar. 21, 2017
90.00	91.00	90.00	91.00	
-1.09%
0
Mar. 20, 2017
90.00	92.00	90.00	92.00	
1.10%
0
Mar. 17, 2017
90.00	91.00	90.00	91.00	
0.00%
0
Mar. 16, 2017
91.00	91.00	90.00	91.00	
1.11%
0
Mar. 15, 2017
92.00	92.00	90.00	90.00	
-1.10%
0
Mar. 14, 2017
91.00	91.00	90.00	91.00	
1.11%
0
Mar. 13, 2017
90.00	91.00	90.00	90.00	
-1.10%
0
Mar. 10, 2017
91.00	91.00	90.00	91.00	
1.11%
0
Mar. 09, 2017
91.00	91.00	90.00	90.00	
-1.10%
0
Mar. 08, 2017
91.00	91.00	90.00	91.00	
1.11%
0
Mar. 07, 2017
90.00	90.00	90.00	90.00	
-1.10%
0
Mar. 06, 2017
90.00	91.00	90.00	91.00	
0.00%
0
Mar. 03, 2017
91.00	92.00	90.00	91.00	
0.00%
0
Mar. 02, 2017
90.00	91.00	90.00	91.00	
0.00%
0
Mar. 01, 2017
91.00	92.00	90.00	91.00	
1.11%
0
Feb. 28, 2017
90.00	91.00	90.00	90.00	
-1.10%
0
Feb. 27, 2017
90.00	91.00	90.00	91.00	
1.11%
0
Feb. 24, 2017
90.00	92.00	90.00	90.00	
-2.17%
0
Feb. 23, 2017
91.00	92.00	90.00	92.00	
2.22%
0
Feb. 22, 2017
90.00	91.00	90.00	90.00	
-1.10%
0
Feb. 21, 2017
90.00	91.00	90.00	91.00	
1.11%
0
Feb. 20, 2017
90.00	90.00	90.00	90.00	
0.00%
0
Feb. 17, 2017
90.00	90.00	90.00	90.00	
-1.10%
0
Feb. 16, 2017
90.00	91.00	90.00	91.00	
1.11%
0
Feb. 15, 2017
90.00	90.00	90.00	90.00	
-2.17%
0
Feb. 14, 2017
91.00	92.00	91.00	92.00	
1.10%
0
Feb. 13, 2017
91.00	91.00	90.00	91.00	
1.11%
0
Feb. 10, 2017
90.00	90.00	90.00	90.00	
0.00%
0
Feb. 09, 2017
92.00	92.00	90.00	90.00	
-1.10%
0
Feb. 08, 2017
90.00	91.00	90.00	91.00	
0.00%
0
Feb. 07, 2017
91.00	92.00	91.00	91.00	
-1.09%
0
Feb. 06, 2017
91.00	92.00	91.00	92.00	
2.22%
0
Feb. 03, 2017
91.00	91.00	90.00	90.00	
-2.17%
0
Feb. 02, 2017
90.00	92.00	90.00	92.00	
2.22%
0
Feb. 01, 2017
90.00	92.00	90.00	90.00	
-1.10%
0
Jan. 31, 2017
90.00	91.00	90.00	91.00	
0.00%
0
Jan. 30, 2017
90.00	91.00	90.00	91.00	
0.00%
0
Jan. 27, 2017
91.00	91.00	90.00	91.00	
-1.09%
0
Jan. 26, 2017
92.00	92.00	90.00	92.00	
2.22%
0
Jan. 25, 2017
90.00	92.00	90.00	90.00	
-1.10%
0
Jan. 24, 2017
91.00	92.00	91.00	91.00	
0.00%
0
Jan. 23, 2017
91.00	91.00	90.00	91.00	
1.11%
0
Jan. 20, 2017
91.00	91.00	90.00	90.00	
-1.10%
0
Jan. 19, 2017
90.00	91.00	90.00	91.00	
0.00%
0
Jan. 18, 2017
91.00	91.00	90.00	91.00	
1.11%
0
Jan. 17, 2017
91.00	91.00	90.00	90.00	
0.00%
0
Jan. 16, 2017
90.00	90.00	90.00	90.00	
-1.10%
0
Jan. 13, 2017
90.00	91.00	90.00	91.00	
1.11%
0
Jan. 12, 2017
91.00	91.00	90.00	90.00	
0.00%
0
Jan. 11, 2017
92.00	92.00	90.00	90.00	
-1.10%
0
Jan. 10, 2017
91.00	91.00	90.00	91.00	
0.00%
0
Jan. 09, 2017
91.00	91.00	91.00	91.00	
-2.15%
0
Jan. 06, 2017
90.00	93.00	90.00	93.00	
2.20%
0
Jan. 05, 2017
91.00	91.00	91.00	91.00	
0.00%
0
Jan. 04, 2017
91.00	91.00	91.00	91.00	
0.00%
0
Jan. 03, 2017
91.00	91.00	91.00	91.00	
0.00%
0
Jan. 02, 2017
91.00	91.00	91.00	91.00	
0.00%
0
Dec. 30, 2016
91.00	91.00	91.00	91.00	
0.00%
0
Dec. 29, 2016
91.00	91.00	91.00	91.00	
0.00%
0
Dec. 28, 2016
91.00	91.00	91.00	91.00	
0.00%
0
Dec. 27, 2016
91.00	91.00	91.00	91.00	
0.00%
0
Dec. 26, 2016
91.00	91.00	91.00	91.00	
0.00%
0
Dec. 23, 2016
90.00	91.00	90.00	91.00	
1.11%
0
Dec. 22, 2016
90.00	91.00	90.00	90.00	
-1.10%
0
Dec. 21, 2016
90.00	91.00	90.00	91.00	
0.00%
0
Dec. 20, 2016
91.00	91.00	91.00	91.00	
0.00%
0
Dec. 19, 2016
90.00	91.00	90.00	91.00	
0.00%
0
Dec. 16, 2016
91.00	92.00	91.00	91.00	
1.11%
0
Dec. 15, 2016
91.00	91.00	90.00	90.00	
0.00%
0
Dec. 14, 2016
91.00	91.00	90.00	90.00	
-1.10%
0
Dec. 13, 2016
91.00	91.00	91.00	91.00	
-7.14%
0
Dec. 12, 2016
92.00	98.00	92.00	98.00	
1.03%
0
Dec. 09, 2016
97.00	97.00	97.00	97.00	
0.00%
0
Dec. 08, 2016
97.00	97.00	97.00	97.00	
6.59%
0
Dec. 07, 2016
91.00	91.00	91.00	91.00	
-6.19%
0
Dec. 06, 2016
97.00	97.00	97.00	97.00	
6.59%
0
Dec. 05, 2016
90.00	91.00	90.00	91.00	
0.00%
0
Dec. 02, 2016
90.00	91.00	90.00	91.00	
0.00%
0
Dec. 01, 2016
90.00	91.00	90.00	91.00	
0.00%
0
Nov. 30, 2016
90.00	91.00	90.00	91.00	
0.00%
0
Nov. 29, 2016
91.00	91.00	91.00	91.00	
0.00%
0
Nov. 28, 2016
90.00	91.00	90.00	91.00	
0.00%
0
Nov. 25, 2016
90.00	91.00	90.00	91.00	
0.00%
0
Nov. 24, 2016
91.00	91.00	91.00	91.00	
0.00%
0
Nov. 23, 2016
91.00	91.00	91.00	91.00	
0.00%
0
Nov. 22, 2016
90.00	91.00	90.00	91.00	
0.00%
0
Nov. 21, 2016
90.00	91.00	90.00	91.00	
0.00%
0
Nov. 18, 2016
90.00	91.00	90.00	91.00	
0.00%
0
Nov. 17, 2016
90.00	91.00	90.00	91.00	
0.00%
0
Nov. 16, 2016
90.00	91.00	90.00	91.00	
0.00%
0
Nov. 15, 2016
90.00	91.00	90.00	91.00	
1.11%
0
Nov. 14, 2016
90.00	90.00	90.00	90.00	
-1.10%
0
Nov. 11, 2016
91.00	91.00	91.00	91.00	
0.00%
0
Nov. 10, 2016
90.00	91.00	90.00	91.00	
0.00%
0
Nov. 09, 2016
91.00	91.00	91.00	91.00	
0.00%
0
Nov. 08, 2016
90.00	91.00	90.00	91.00	
1.11%
0
Nov. 07, 2016
90.00	90.00	90.00	90.00	
-1.10%
0
Nov. 04, 2016
91.00	91.00	90.00	91.00	
1.11%
0
Nov. 03, 2016
90.00	90.00	90.00	90.00	
-1.10%
0
Nov. 02, 2016
91.00	91.00	90.00	91.00	
0.00%
0
Nov. 01, 2016
90.00	91.00	90.00	91.00	
1.11%
0
Oct. 31, 2016
90.00	90.00	90.00	90.00	
0.00%
0
Oct. 28, 2016
90.00	90.00	90.00	90.00	
0.00%
0
Oct. 27, 2016
90.00	90.00	90.00	90.00	
0.00%
0
Oct. 26, 2016
90.00	90.00	90.00	90.00	
0.00%
0
Oct. 25, 2016
90.00	90.00	90.00	90.00	
0.00%
0
Oct. 24, 2016
90.00	90.00	90.00	90.00	
0.00%
0
Oct. 21, 2016
90.00	90.00	90.00	90.00	
-1.10%
0
Oct. 20, 2016
90.00	91.00	90.00	91.00	
0.00%
0
Oct. 19, 2016
90.00	91.00	90.00	91.00	
0.00%
0
Oct. 18, 2016
91.00	91.00	90.00	91.00	
1.11%
0
Oct. 17, 2016
90.00	90.00	90.00	90.00	
-1.10%
0
Oct. 14, 2016
90.00	91.00	90.00	91.00	
0.00%
0
Oct. 13, 2016
90.00	91.00	90.00	91.00	
0.00%
0
Oct. 12, 2016
90.00	91.00	90.00	91.00	
0.00%
0
Oct. 11, 2016
90.00	91.00	90.00	91.00	
0.00%
0
Oct. 10, 2016
90.00	91.00	90.00	91.00	
0.00%
0
Oct. 07, 2016
90.00	91.00	90.00	91.00	
0.00%
0
Oct. 06, 2016
90.00	91.00	90.00	91.00	
1.11%
0
Oct. 05, 2016
91.00	91.00	90.00	90.00	
0.00%
0
Oct. 04, 2016
90.00	90.00	90.00	90.00	
-1.10%
0
Oct. 03, 2016
90.00	91.00	90.00	91.00	
1.11%
0
Sep. 30, 2016
90.00	90.00	90.00	90.00	
0.00%
0
Sep. 29, 2016
90.00	90.00	90.00	90.00	
0.00%
0
Sep. 28, 2016
90.00	90.00	90.00	90.00	
0.00%
0
Sep. 27, 2016
90.00	90.00	90.00	90.00	
0.00%
0
Sep. 26, 2016
91.00	91.00	90.00	90.00	
-0.55%
0
Sep. 23, 2016
90.00	90.50	90.00	90.50	
-0.55%
0
Sep. 22, 2016
91.00	91.00	90.00	91.00	
1.11%
0
Sep. 21, 2016
90.00	91.00	90.00	90.00	
-1.10%
0
Sep. 20, 2016
91.00	91.00	90.00	91.00	
1.11%
0
Sep. 19, 2016
90.00	90.00	90.00	90.00	
0.00%
0
Sep. 16, 2016
90.00	90.00	90.00	90.00	
0.00%
0
Sep. 15, 2016
90.00	91.00	90.00	90.00	
0.00%
0
Sep. 14, 2016
90.00	91.00	90.00	90.00	
0.00%
0
Sep. 13, 2016
90.00	90.00	90.00	90.00	
0.00%
0
Sep. 12, 2016
90.00	90.00	90.00	90.00	
0.00%
0
Sep. 09, 2016
90.00	90.00	90.00	90.00	
-1.10%
0
Sep. 08, 2016
90.00	91.00	90.00	91.00	
1.11%
0
Sep. 07, 2016
90.00	90.00	90.00	90.00	
-1.10%
0
Sep. 06, 2016
90.00	91.00	90.00	91.00	
1.11%
0
Sep. 05, 2016
90.00	90.00	90.00	90.00	
0.00%
0
Sep. 02, 2016
90.00	90.00	90.00	90.00	
0.00%
0
Sep. 01, 2016
90.00	90.00	90.00	90.00	
0.00%
0
Aug. 31, 2016
90.00	90.00	90.00	90.00	
0.00%
0
Aug. 30, 2016
92.00	92.00	90.00	90.00	
-2.17%
0
Aug. 29, 2016
92.00	92.00	92.00	92.00	
2.22%
0
Aug. 26, 2016
90.00	90.00	90.00	90.00	
-2.17%
0
Aug. 25, 2016
91.00	94.00	91.00	92.00	
2.22%
0
Aug. 24, 2016
92.00	92.00	90.00	90.00	
0.00%
0
Aug. 23, 2016
93.00	93.00	90.00	90.00	
-2.17%
0
Aug. 22, 2016
92.00	92.00	92.00	92.00	
1.10%
0
Aug. 19, 2016
91.00	91.00	91.00	91.00	
-2.15%
0
Aug. 18, 2016
93.00	93.00	93.00	93.00	
-3.13%
0
Aug. 17, 2016
96.00	96.00	95.00	96.00	
3.23%
0
Aug. 16, 2016
95.00	95.00	92.00	93.00	
-1.06%
0
Aug. 15, 2016
94.00	95.00	94.00	94.00	
4.44%
0
Aug. 12, 2016
90.00	90.00	90.00	90.00	
0.00%
0
Aug. 11, 2016
90.00	90.00	90.00	90.00	
0.00%
0
Aug. 10, 2016
90.00	90.00	90.00	90.00	
0.00%
0
Aug. 09, 2016
90.00	91.00	90.00	90.00	
0.00%
0
Aug. 08, 2016
90.00	90.00	90.00	90.00	
0.00%
0
Aug. 05, 2016
90.00	90.00	90.00	90.00	
0.00%
0
Aug. 04, 2016
90.00	90.00	90.00	90.00	
0.00%
0
Aug. 03, 2016
90.00	90.00	90.00	90.00	
0.00%
0
Aug. 02, 2016
90.00	90.00	90.00	90.00	
0.00%
0
Aug. 01, 2016
90.00	90.00	90.00	90.00	
0.00%
0
Jul. 29, 2016
90.00	90.00	90.00	90.00	
0.00%
0
Jul. 28, 2016
90.00	90.00	90.00	90.00	
0.00%
0
Jul. 27, 2016
90.00	90.00	90.00	90.00	
0.00%
0
Jul. 26, 2016
90.00	90.00	90.00	90.00	
0.00%
0
Jul. 25, 2016
90.00	90.00	90.00	90.00	
0.00%
0
Jul. 22, 2016
90.00	90.00	90.00	90.00	
0.00%
0
Jul. 21, 2016
90.00	90.00	90.00	90.00	
0.00%
0
Jul. 20, 2016
90.00	90.00	90.00	90.00	
0.00%
0
Jul. 19, 2016
90.00	90.00	90.00	90.00	
0.00%
0
Jul. 18, 2016
90.00	90.00	90.00	90.00	
0.00%
0
Jul. 15, 2016
90.00	90.00	90.00	90.00	
0.00%
0
Jul. 14, 2016
90.00	90.00	90.00	90.00	
0.00%
0
Jul. 13, 2016
90.00	91.00	90.00	90.00	
0.00%
0
Jul. 12, 2016
90.00	90.00	90.00	90.00	
0.00%
0
Jul. 11, 2016
90.00	90.00	90.00	90.00	
0.00%
0
Jul. 08, 2016
90.00	90.00	90.00	90.00	
0.00%
0
Jul. 07, 2016
90.00	90.00	90.00	90.00	
0.00%
0
Jul. 06, 2016
90.00	90.00	90.00	90.00	
0.00%
0
Jul. 05, 2016
90.00	90.00	90.00	90.00	
6.30%
0
Jul. 04, 2016
84.67	84.67	84.67	84.67	
-5.92%
0
Jul. 01, 2016
90.00	90.00	90.00	90.00	
0.00%
0
Jun. 30, 2016
90.00	90.00	90.00	90.00	
0.00%
0
Jun. 29, 2016
90.00	90.00	90.00	90.00	
0.00%
0
Jun. 28, 2016
90.00	90.00	90.00	90.00	
0.00%
0
Jun. 27, 2016
90.00	90.00	90.00	90.00	
0.00%
0
Jun. 24, 2016
90.00	90.00	90.00	90.00	
0.00%
0
Jun. 23, 2016
90.00	91.00	90.00	90.00	
0.00%
0
Jun. 22, 2016
90.00	90.00	90.00	90.00	
0.00%
0
Jun. 21, 2016
90.00	90.00	90.00	90.00	
0.00%
0
Jun. 20, 2016
90.00	90.00	90.00	90.00	
0.00%
0
Jun. 17, 2016
90.00	90.00	90.00	90.00	
0.00%
0
Jun. 16, 2016
90.00	90.00	90.00	90.00	
0.00%
0
Jun. 15, 2016
90.00	90.00	90.00	90.00	
0.00%
0
Jun. 14, 2016
90.00	90.00	90.00	90.00	
0.00%
0
Jun. 13, 2016
90.00	90.00	90.00	90.00	
0.00%
0
Jun. 10, 2016
90.00	90.00	90.00	90.00	
0.00%
0
Jun. 09, 2016
90.00	91.00	90.00	90.00	
0.00%
0
Jun. 08, 2016
90.00	90.00	90.00	90.00	
0.00%
0
Jun. 07, 2016
90.00	90.00	90.00	90.00	
0.00%
0
Jun. 06, 2016
90.00	91.00	90.00	90.00	
0.00%
0
Jun. 03, 2016
90.00	90.00	90.00	90.00	
0.00%
0
Jun. 02, 2016
90.00	90.00	90.00	90.00	
0.00%
0
Jun. 01, 2016
90.00	91.00	90.00	90.00	
0.00%
0
May 31, 2016
90.00	90.00	90.00	90.00	
6.30%
0
May 30, 2016
84.67	84.67	84.67	84.67	
-5.92%
0
May 27, 2016
90.00	90.00	90.00	90.00	
0.00%
0
May 26, 2016
90.00	91.00	90.00	90.00	
0.00%
0
May 25, 2016
90.00	90.00	90.00	90.00	
0.00%
0
May 24, 2016
90.00	90.00	90.00	90.00	
0.00%
0
May 23, 2016
90.00	90.00	90.00	90.00	
0.00%
0
May 20, 2016
89.00	90.00	89.00	90.00	
0.00%
0
May 19, 2016
90.00	90.00	90.00	90.00	
0.00%
0
May 18, 2016
90.00	90.00	90.00	90.00	
0.00%
0
May 17, 2016
90.00	90.00	90.00	90.00	
6.30%
0
May 16, 2016
84.67	84.67	84.67	84.67	
-5.92%
0
May 13, 2016
90.00	90.00	90.00	90.00	
0.00%
0
May 12, 2016
90.00	90.00	90.00	90.00	
0.00%
0
May 11, 2016
90.00	90.00	90.00	90.00	
0.00%
0
May 10, 2016
90.00	90.00	90.00	90.00	
0.00%
0
May 09, 2016
90.00	90.00	90.00	90.00	
0.00%
0
May 06, 2016
90.00	90.00	90.00	90.00	
0.00%
0
May 05, 2016
90.00	91.00	90.00	90.00	
0.00%
0
May 04, 2016
90.00	91.00	90.00	90.00	
0.00%
0
May 03, 2016
90.00	90.00	90.00	90.00	
0.00%
0
May 02, 2016
90.00	90.00	90.00	90.00	
0.00%
0
Apr. 29, 2016
90.00	90.00	90.00	90.00	
0.00%
0
Apr. 28, 2016
90.00	90.00	89.00	90.00	
0.00%
0
Apr. 27, 2016
90.00	91.00	90.00	90.00	
0.00%
0
Apr. 26, 2016
90.00	90.00	90.00	90.00	
0.00%
0
Apr. 25, 2016
90.00	90.00	90.00	90.00	
0.00%
0
Apr. 22, 2016
90.00	90.00	90.00	90.00	
0.00%
0
Apr. 21, 2016
90.00	91.00	90.00	90.00	
0.00%
0
Apr. 20, 2016
90.00	90.00	90.00	90.00	
0.00%
0
Apr. 19, 2016
90.00	90.00	90.00	90.00	
0.00%
0
Apr. 18, 2016
90.00	90.00	90.00	90.00	
0.00%
0
Apr. 15, 2016
90.00	91.00	90.00	90.00	
0.00%
0
Apr. 14, 2016
90.00	91.00	90.00	90.00	
0.00%
0
Apr. 13, 2016
90.00	90.00	90.00	90.00	
0.00%
0
Apr. 12, 2016
91.00	91.00	90.00	90.00	
0.00%
0
Apr. 11, 2016
91.00	91.00	90.00	90.00	
0.00%
0
Apr. 08, 2016
91.00	91.00	90.00	90.00	
0.00%
0
Apr. 07, 2016
91.00	91.00	90.00	90.00	
0.00%
0
Apr. 06, 2016
91.00	91.00	90.00	90.00	
0.00%
0
Apr. 05, 2016
91.00	91.00	90.00	90.00	
0.00%
0
Apr. 04, 2016
90.00	91.00	90.00	90.00	
0.00%
0
Apr. 01, 2016
90.00	90.00	90.00	90.00	
0.00%
0
Mar. 31, 2016
90.00	90.00	90.00	90.00	
0.00%
0
Mar. 30, 2016
90.00	90.00	90.00	90.00	
0.00%
0
Mar. 29, 2016
90.00	90.00	90.00	90.00	
0.00%
0
Mar. 28, 2016
90.00	90.00	89.00	90.00	
0.00%
0
Mar. 25, 2016
90.00	90.00	90.00	90.00	
0.00%
0
Mar. 24, 2016
90.00	91.00	90.00	90.00	
0.00%
0
Mar. 23, 2016
90.00	90.00	90.00	90.00	
0.00%
0
Mar. 22, 2016
90.00	90.00	90.00	90.00	
0.00%
0
Mar. 21, 2016
90.00	90.00	90.00	90.00	
0.00%
0
Mar. 18, 2016
90.00	90.00	89.00	90.00	
3.45%
0
Mar. 17, 2016
90.00	90.00	87.00	87.00	
-3.33%
0
Mar. 16, 2016
90.00	90.00	90.00	90.00	
0.00%
0
Mar. 15, 2016
90.00	91.00	90.00	90.00	
0.00%
0
Mar. 14, 2016
90.00	91.00	90.00	90.00	
1.12%
0
Mar. 11, 2016
90.00	90.00	89.00	89.00	
-1.11%
0
Mar. 10, 2016
90.00	90.00	90.00	90.00	
1.12%
0
Mar. 09, 2016
90.00	90.00	89.00	89.00	
-1.11%
0
Mar. 08, 2016
90.00	90.00	90.00	90.00	
0.00%
0
Mar. 07, 2016
90.00	90.00	90.00	90.00	
0.00%
0
Mar. 04, 2016
90.00	90.00	90.00	90.00	
0.00%
0
Mar. 03, 2016
90.00	90.00	89.00	90.00	
1.12%
0
Mar. 02, 2016
90.00	90.00	89.00	89.00	
-1.11%
0
Mar. 01, 2016
90.00	91.00	90.00	90.00	
1.12%
0
Feb. 29, 2016
90.00	90.00	89.00	89.00	
0.00%
0
Feb. 26, 2016
90.00	90.00	89.00	89.00	
1.14%
0
Feb. 25, 2016
88.00	90.00	88.00	88.00	
2.33%
0
Feb. 24, 2016
90.00	90.00	85.00	86.00	
-4.44%
0
Feb. 23, 2016
90.00	90.00	90.00	90.00	
0.00%
0
Feb. 22, 2016
90.00	90.00	90.00	90.00	
0.00%
0
Feb. 19, 2016
90.00	91.00	90.00	90.00	
0.00%
0
Feb. 18, 2016
90.00	90.00	90.00	90.00	
0.00%
0
Feb. 17, 2016
90.00	90.00	90.00	90.00	
0.00%
0
Feb. 16, 2016
90.00	90.00	90.00	90.00	
0.00%
0
Feb. 15, 2016
90.00	90.00	90.00	90.00	
6.31%
0
Feb. 12, 2016
84.66	84.66	84.66	84.66	
3.24%
0
Feb. 11, 2016
82.00	82.00	82.00	82.00	
-1.20%
0
Feb. 10, 2016
82.00	83.00	82.00	83.00	
0.00%
0
Feb. 09, 2016
83.00	83.00	82.00	83.00	
1.22%
0
Feb. 08, 2016
82.00	83.00	82.00	82.00	
-1.20%
0
Feb. 05, 2016
90.00	90.00	83.00	83.00	
1.22%
0
Feb. 04, 2016
82.00	83.00	82.00	82.00	
-1.20%
0
Feb. 03, 2016
82.00	83.00	82.00	83.00	
-1.19%
0
Feb. 02, 2016
90.00	90.00	84.00	84.00	
1.20%
0
Feb. 01, 2016
83.00	84.00	83.00	83.00	
-2.35%
0
Jan. 29, 2016
85.00	85.00	84.00	85.00	
1.19%
0
Jan. 28, 2016
84.00	85.00	84.00	84.00	
0.00%
0
Jan. 27, 2016
85.00	85.00	84.00	84.00	
0.00%
0
Jan. 26, 2016
89.00	89.00	84.00	84.00	
-5.62%
0
Jan. 25, 2016
89.00	89.00	84.00	89.00	
4.71%
0
Jan. 22, 2016
89.00	89.00	84.00	85.00	
0.00%
0
Jan. 21, 2016
89.00	89.00	85.00	85.00	
0.00%
0
Jan. 20, 2016
89.00	89.00	84.00	85.00	
-4.49%
0
Jan. 19, 2016
89.00	89.00	89.00	89.00	
0.00%
0
Jan. 18, 2016
89.00	89.00	85.00	89.00	
0.00%
0
Jan. 15, 2016
89.00	89.00	89.00	89.00	
0.00%
0
Jan. 14, 2016
89.00	89.00	89.00	89.00	
0.00%
0
Jan. 13, 2016
89.00	89.00	89.00	89.00	
0.00%
0
Jan. 12, 2016
89.00	89.00	89.00	89.00	
0.00%
0
Jan. 11, 2016
89.00	89.00	89.00	89.00	
0.00%
0
Jan. 08, 2016
89.00	89.00	89.00	89.00	
5.33%
0
Jan. 07, 2016
84.50	84.50	84.00	84.50	
0.60%
0
Jan. 06, 2016
89.00	89.00	84.00	84.00	
-0.59%
0
Jan. 05, 2016
88.00	89.00	84.00	84.50	
0.60%
0
Jan. 04, 2016
88.00	88.00	84.00	84.00	
0.00%
0
Dec. 30, 2015
88.00	88.00	84.00	84.00	
0.00%
0
Dec. 29, 2015
88.00	88.00	84.00	84.00	
-0.59%
0
Dec. 28, 2015
88.00	88.00	84.50	84.50	
0.60%
0
Dec. 24, 2015
84.50	88.00	84.00	84.00	
0.00%
0
Dec. 23, 2015
84.50	88.00	84.00	84.00	
0.00%
0
Dec. 22, 2015
88.00	88.00	84.00	84.00	
0.00%
0
Dec. 21, 2015
88.00	88.00	84.00	84.00	
0.00%
0
Dec. 18, 2015
88.00	88.00	84.00	84.00	
-0.59%
0
Dec. 17, 2015
88.00	88.00	84.00	84.50	
0.60%
0
Dec. 16, 2015
84.50	88.00	84.00	84.00	
0.00%
0
Dec. 15, 2015
84.00	88.00	84.00	84.00	
-0.59%
0
Dec. 14, 2015
88.00	88.00	84.50	84.50	
0.60%
0
Dec. 11, 2015
88.00	88.00	84.00	84.00	
-0.65%
0
Dec. 10, 2015
88.00	88.00	84.50	84.55	
0.65%
0
Dec. 09, 2015
88.00	88.00	84.00	84.00	
-0.59%
0
Dec. 08, 2015
88.00	88.00	84.00	84.50	
-2.87%
0
Dec. 07, 2015
88.00	88.00	84.00	87.00	
3.57%
0
Dec. 04, 2015
88.00	88.00	84.00	84.00	
0.00%
0
Dec. 03, 2015
88.00	88.00	84.00	84.00	
-4.55%
0
Dec. 02, 2015
88.00	88.00	84.00	88.00	
0.00%
0
Dec. 01, 2015
87.00	88.00	84.00	88.00	
4.76%
0
Nov. 30, 2015
87.00	87.00	84.00	84.00	
0.00%
0
Nov. 27, 2015
87.00	87.00	84.00	84.00	
-3.45%
0
Nov. 26, 2015
87.00	87.00	87.00	87.00	
0.00%
0
Nov. 25, 2015
87.00	87.00	87.00	87.00	
0.00%
0
Nov. 24, 2015
87.00	87.00	87.00	87.00	
0.00%
0
Nov. 23, 2015
87.00	87.00	87.00	87.00	
0.00%
0
Nov. 20, 2015
87.00	87.00	87.00	87.00	
0.00%
0
Nov. 19, 2015
87.00	87.00	87.00	87.00	
3.57%
0
Nov. 18, 2015
87.00	87.00	84.00	84.00	
0.00%
0
Nov. 17, 2015
87.00	87.00	84.00	84.00	
-3.45%
0
Nov. 16, 2015
87.00	87.00	87.00	87.00	
3.57%
0
Nov. 13, 2015
87.00	87.00	84.00	84.00	
-3.45%
0
Nov. 12, 2015
87.00	87.00	87.00	87.00	
0.00%
0
Nov. 11, 2015
87.00	87.00	87.00	87.00	
0.00%
0
Nov. 10, 2015
87.00	87.00	87.00	87.00	
3.57%
0
Nov. 09, 2015
87.00	87.00	84.00	84.00	
0.00%
0
Nov. 06, 2015
87.00	87.00	84.00	84.00	
0.00%
0
Nov. 05, 2015
87.00	87.00	84.00	84.00	
0.00%
0
Nov. 04, 2015
87.00	87.00	84.00	84.00	
0.00%
0
Nov. 03, 2015
87.00	87.00	84.00	84.00	
-3.45%
0
Nov. 02, 2015
87.00	87.00	87.00	87.00	
3.57%
0
Oct. 30, 2015
84.00	87.00	84.00	84.00	
-3.45%
0
Oct. 29, 2015
87.00	87.00	87.00	87.00	
3.57%
0
Oct. 28, 2015
87.00	87.00	84.00	84.00	
2.44%
0
Oct. 27, 2015
82.00	82.00	82.00	82.00	
0.80%
0
Oct. 26, 2015
81.35	81.35	81.35	81.35	
-0.43%
0
Oct. 23, 2015
81.75	81.75	81.70	81.70	
-0.97%
0
Oct. 22, 2015
84.00	84.00	82.50	82.50	
-5.17%
0
Oct. 21, 2015
87.00	87.00	87.00	87.00	
0.00%
0
Oct. 20, 2015
87.00	87.00	87.00	87.00	
0.00%
0
Oct. 19, 2015
88.00	88.00	87.00	87.00	
-1.14%
0
Oct. 15, 2015
88.00	88.00	88.00	88.00	
0.00%
0
Oct. 14, 2015
88.00	88.00	88.00	88.00	
0.00%
0
Oct. 13, 2015
88.00	88.00	88.00	88.00	
0.00%
0
Oct. 12, 2015
88.00	88.00	88.00	88.00	
6.67%
0
Oct. 08, 2015
83.00	83.00	82.00	82.50	
0.61%
0
Oct. 07, 2015
84.00	84.00	82.00	82.00	
-6.82%
0
Oct. 06, 2015
88.00	88.00	88.00	88.00	
0.00%
0
Oct. 05, 2015
88.00	88.00	88.00	88.00	
0.00%
0
Oct. 02, 2015
88.00	88.00	88.00	88.00	
0.00%
0
Oct. 01, 2015
88.00	88.00	88.00	88.00	
0.00%
0
Sep. 30, 2015
87.00	88.00	87.00	88.00	
1.15%
0
Sep. 29, 2015
87.00	87.00	87.00	87.00	
0.00%
0
Sep. 28, 2015
87.00	87.00	87.00	87.00	
0.00%
0
Sep. 25, 2015
87.00	87.00	87.00	87.00	
4.82%
0
Sep. 24, 2015
84.00	84.00	83.00	83.00	
-4.60%
0
Sep. 23, 2015
87.00	87.00	87.00	87.00	
0.00%
0
Sep. 22, 2015
87.00	87.00	87.00	87.00	
0.00%
0
Sep. 21, 2015
87.00	87.00	87.00	87.00	
0.00%
0
Sep. 18, 2015
87.00	87.00	87.00	87.00	
0.00%
0
Sep. 17, 2015
87.00	87.00	87.00	87.00	
0.00%
0
Sep. 16, 2015
87.00	87.00	87.00	87.00	
0.00%
0
Sep. 15, 2015
87.00	87.00	85.00	87.00	
0.00%
0
Sep. 14, 2015
88.00	88.00	87.00	87.00	
-1.14%
0
Sep. 11, 2015
88.00	88.00	88.00	88.00	
3.53%
0
Sep. 10, 2015
85.00	85.00	85.00	85.00	
-3.41%
0
Sep. 09, 2015
88.00	88.00	88.00	88.00	
0.00%
0
Sep. 08, 2015
88.00	88.00	88.00	88.00	
0.00%
0
Sep. 07, 2015
88.00	88.00	88.00	88.00	
0.00%
0
Sep. 04, 2015
88.00	88.00	88.00	88.00	
0.00%
0
Sep. 03, 2015
88.00	88.00	88.00	88.00	
0.00%
0
Sep. 02, 2015
88.00	88.00	88.00	88.00	
0.00%
0
Sep. 01, 2015
88.00	88.00	88.00	88.00	
0.00%
0
Aug. 31, 2015
88.00	88.00	88.00	88.00	
0.00%
0
Aug. 28, 2015
88.00	88.00	88.00	88.00	
0.00%
0
Aug. 27, 2015
88.00	88.00	88.00	88.00	
0.00%
0
Aug. 26, 2015
88.00	88.00	88.00	88.00	
0.00%
0
Aug. 25, 2015
88.00	88.00	88.00	88.00	
0.00%
0
Aug. 24, 2015
88.00	88.00	88.00	88.00	
0.00%
0
Aug. 21, 2015
88.00	88.00	88.00	88.00	
0.00%
0
Aug. 20, 2015
88.00	88.00	88.00	88.00	
0.00%
0
Aug. 19, 2015
88.00	88.00	88.00	88.00	
0.00%
0
Aug. 18, 2015
88.00	88.00	88.00	88.00	
6.02%
0
Aug. 14, 2015
83.00	83.00	82.00	83.00	
-5.68%
0
Aug. 13, 2015
88.00	88.00	88.00	88.00	
4.76%
0
Aug. 12, 2015
83.00	84.00	83.00	84.00	
-4.55%
0
Aug. 11, 2015
84.00	88.00	84.00	88.00	
0.00%
0
Aug. 10, 2015
87.00	88.00	87.00	88.00	
1.15%
0
Aug. 07, 2015
87.00	87.00	87.00	87.00	
4.82%
0
Aug. 06, 2015
83.00	83.00	83.00	83.00	
-4.60%
0
Aug. 05, 2015
87.00	87.00	87.00	87.00	
0.00%
0
Aug. 04, 2015
87.00	87.00	87.00	87.00	
4.82%
0
Aug. 03, 2015
83.00	83.00	83.00	83.00	
-1.19%
0
Jul. 31, 2015
84.00	85.00	84.00	84.00	
0.00%
0
Jul. 30, 2015
87.00	87.00	84.00	84.00	
-3.45%
0
Jul. 29, 2015
86.00	87.00	86.00	87.00	
1.16%
0
Jul. 28, 2015
86.00	86.00	86.00	86.00	
3.61%
0
Jul. 27, 2015
83.00	83.00	83.00	83.00	
0.00%
0
Jul. 24, 2015
86.00	86.00	83.00	83.00	
-3.49%
0
Jul. 23, 2015
83.00	86.00	83.00	86.00	
0.00%
0
Jul. 22, 2015
86.00	86.00	86.00	86.00	
0.00%
0
Jul. 21, 2015
86.00	86.00	86.00	86.00	
0.00%
0
Jul. 20, 2015
85.50	86.00	83.00	86.00	
3.61%
0
Jul. 17, 2015
85.50	85.50	83.00	83.00	
0.00%
0
Jul. 16, 2015
85.50	85.50	83.00	83.00	
0.00%
0
Jul. 15, 2015
85.50	85.50	83.00	83.00	
0.00%
0
Jul. 14, 2015
85.50	85.50	83.00	83.00	
0.00%
0
Jul. 13, 2015
85.50	85.50	83.00	83.00	
0.00%
0
Jul. 10, 2015
85.50	85.50	83.00	83.00	
0.00%
0
Jul. 09, 2015
85.00	85.50	83.00	83.00	
0.00%
0
Jul. 08, 2015
85.00	85.00	83.00	83.00	
0.00%
0
Jul. 07, 2015
85.00	85.00	83.00	83.00	
-2.35%
0
Jul. 06, 2015
85.00	85.00	83.00	85.00	
2.41%
0
Jul. 03, 2015
85.00	85.00	83.00	83.00	
0.00%
0
Jul. 02, 2015
85.00	85.00	83.00	83.00	
-2.35%
0
Jul. 01, 2015
85.00	85.00	83.00	85.00	
3.66%
0
Jun. 30, 2015
85.00	85.00	82.00	82.00	
-1.20%
0
Jun. 29, 2015
85.00	85.00	83.00	83.00	
0.00%
0
Jun. 26, 2015
85.00	85.00	83.00	83.00	
1.22%
0
Jun. 25, 2015
85.00	85.00	82.00	82.00	
-1.20%
0
Jun. 24, 2015
85.00	85.00	83.00	83.00	
0.00%
0
Jun. 23, 2015
85.00	85.00	83.00	83.00	
0.00%
0
Jun. 22, 2015
85.00	85.00	83.00	83.00	
0.00%
0
Jun. 19, 2015
85.00	85.00	83.00	83.00	
0.00%
0
Jun. 18, 2015
85.00	85.00	83.00	83.00	
0.00%
0
Jun. 17, 2015
85.00	85.00	83.00	83.00	
0.00%
0
Jun. 16, 2015
85.00	85.00	83.00	83.00	
0.00%
0
Jun. 15, 2015
85.00	85.00	83.00	83.00	
0.00%
0
Jun. 12, 2015
85.00	85.00	83.00	83.00	
0.00%
0
Jun. 11, 2015
85.00	85.00	83.00	83.00	
0.00%
0
Jun. 10, 2015
85.00	85.00	83.00	83.00	
0.00%
0
Jun. 09, 2015
85.00	85.00	83.00	83.00	
0.00%
0
Jun. 08, 2015
84.00	85.00	83.00	83.00	
0.00%
0
Jun. 05, 2015
84.00	84.00	83.00	83.00	
0.00%
0
Jun. 04, 2015
84.00	84.00	82.00	83.00	
1.22%
0
Jun. 03, 2015
84.00	84.00	82.00	82.00	
0.00%
0
Jun. 02, 2015
84.00	84.00	82.00	82.00	
-1.20%
0
Jun. 01, 2015
84.00	84.00	83.00	83.00	
-1.19%
0
May 29, 2015
84.00	84.00	83.00	84.00	
0.00%
0
May 28, 2015
84.00	84.00	83.00	84.00	
1.20%
0
May 27, 2015
84.00	84.00	83.00	83.00	
0.00%
0
May 26, 2015
84.00	84.00	83.00	83.00	
-1.19%
0
May 25, 2015
84.00	84.00	84.00	84.00	
0.00%
0
May 22, 2015
84.00	84.00	83.00	84.00	
1.20%
0
May 21, 2015
84.00	84.00	83.00	83.00	
0.00%
0
May 20, 2015
84.00	84.00	82.00	83.00	
-1.19%
0
May 19, 2015
84.00	84.00	84.00	84.00	
1.20%
0
May 18, 2015
84.00	84.00	83.00	83.00	
-1.19%
0
May 15, 2015
84.00	84.00	84.00	84.00	
0.00%
0
May 14, 2015
84.00	84.00	84.00	84.00	
1.20%
0
May 13, 2015
84.00	84.00	83.00	83.00	
-1.19%
0
May 12, 2015
84.00	84.00	82.00	84.00	
2.44%
0
May 11, 2015
84.00	84.00	82.00	82.00	
-2.38%
0
May 08, 2015
84.00	84.00	84.00	84.00	
0.00%
0
May 07, 2015
84.00	84.00	84.00	84.00	
0.00%
0
May 06, 2015
84.00	84.00	84.00	84.00	
0.00%
0
May 05, 2015
84.00	84.00	84.00	84.00	
0.00%
0
May 04, 2015
84.00	84.00	84.00	84.00	
0.00%
0
May 01, 2015
84.00	84.00	84.00	84.00	
0.00%
0
Apr. 30, 2015
84.00	84.00	84.00	84.00	
0.00%
0
Apr. 29, 2015
84.00	84.00	84.00	84.00	
0.00%
0
Apr. 28, 2015
84.00	84.00	84.00	84.00	
0.00%
0
Apr. 27, 2015
84.00	84.00	84.00	84.00	
0.00%
0
Apr. 24, 2015
84.00	84.00	84.00	84.00	
0.00%
0
Apr. 23, 2015
84.00	84.00	84.00	84.00	
0.00%
0
Apr. 22, 2015
84.00	84.00	84.00	84.00	
0.00%
0
Apr. 21, 2015
84.00	84.00	84.00	84.00	
0.00%
0
Apr. 20, 2015
84.00	84.00	84.00	84.00	
0.00%
0
Apr. 17, 2015
84.00	84.00	84.00	84.00	
0.00%
0
Apr. 16, 2015
84.00	84.00	84.00	84.00	
0.00%
0
Apr. 15, 2015
84.00	84.00	84.00	84.00	
0.00%
0
Apr. 14, 2015
84.00	84.00	84.00	84.00	
0.00%
0
Apr. 13, 2015
84.00	84.00	84.00	84.00	
0.00%
0
Apr. 10, 2015
84.00	84.00	84.00	84.00	
0.00%
0
Apr. 09, 2015
84.00	84.00	84.00	84.00	
0.00%
0
Apr. 08, 2015
84.00	84.00	84.00	84.00	
0.00%
0
Apr. 07, 2015
84.00	84.00	84.00	84.00	
0.00%
0










Date	United States Dollar	Liberian Dollar
Monday 12/12/2005	1 USD =	48.99893 LRD
Sunday 11/12/2005	1 USD =	49.01227 LRD
Saturday 10/12/2005	1 USD =	49.01227 LRD
Friday 09/12/2005	1 USD =	49.01227 LRD
Thursday 08/12/2005	1 USD =	48.98846 LRD
Wednesday 07/12/2005	1 USD =	48.99186 LRD
Tuesday 06/12/2005	1 USD =	49.00299 LRD
Monday 05/12/2005	1 USD =	49.01085 LRD
Sunday 04/12/2005	1 USD =	49.00403 LRD
Saturday 03/12/2005	1 USD =	49.00403 LRD
Friday 02/12/2005	1 USD =	49.00403 LRD
Thursday 01/12/2005	1 USD =	49.01674 LRD
Wednesday 30/11/2005	1 USD =	50.00374 LRD
Tuesday 29/11/2005	1 USD =	50.01182 LRD
Monday 28/11/2005	1 USD =	49.99061 LRD
Sunday 27/11/2005	1 USD =	49.98709 LRD
Saturday 26/11/2005	1 USD =	49.98709 LRD
Friday 25/11/2005	1 USD =	49.98709 LRD
Thursday 24/11/2005	1 USD =	50.01179 LRD
Wednesday 23/11/2005	1 USD =	50.00195 LRD
Tuesday 22/11/2005	1 USD =	49.98411 LRD
Monday 21/11/2005	1 USD =	49.99036 LRD
Sunday 20/11/2005	1 USD =	49.92853 LRD


Date	United States Dollar	Liberian Dollar
Saturday 12/11/2005	1 USD =	50.00376 LRD
Friday 11/11/2005	1 USD =	50.00376 LRD
Thursday 10/11/2005	1 USD =	50.01984 LRD
Wednesday 09/11/2005	1 USD =	50.0028 LRD
Tuesday 08/11/2005	1 USD =	50.00698 LRD
Monday 07/11/2005	1 USD =	50.00153 LRD
Sunday 06/11/2005	1 USD =	49.95721 LRD
Saturday 05/11/2005	1 USD =	49.95721 LRD
Friday 04/11/2005	1 USD =	49.95721 LRD
Thursday 03/11/2005	1 USD =	50.02983 LRD
Wednesday 02/11/2005	1 USD =	49.98013 LRD
Tuesday 01/11/2005	1 USD =	49.99725 LRD
Monday 31/10/2005	1 USD =	49.99617 LRD
Sunday 30/10/2005	1 USD =	48.99485 LRD
Saturday 29/10/2005	1 USD =	48.99485 LRD
Friday 28/10/2005	1 USD =	48.99485 LRD
Thursday 27/10/2005	1 USD =	48.99198 LRD
Wednesday 26/10/2005	1 USD =	48.99554 LRD
Tuesday 25/10/2005	1 USD =	49.00467 LRD
Monday 24/10/2005	1 USD =	48.98345 LRD
Sunday 23/10/2005	1 USD =	49.00668 LRD
Saturday 22/10/2005	1 USD =	49.00668 LRD
Friday 21/10/2005	1 USD =	49.00668 LRD


Date	United States Dollar	Liberian Dollar
Wednesday 12/10/2005	1 USD =	49.00409 LRD
Tuesday 11/10/2005	1 USD =	48.99824 LRD
Monday 10/10/2005	1 USD =	49.00058 LRD
Sunday 09/10/2005	1 USD =	49.01113 LRD
Saturday 08/10/2005	1 USD =	49.01113 LRD
Friday 07/10/2005	1 USD =	49.01113 LRD
Thursday 06/10/2005	1 USD =	48.99776 LRD
Wednesday 05/10/2005	1 USD =	49.00299 LRD
Tuesday 04/10/2005	1 USD =	49.01558 LRD
Monday 03/10/2005	1 USD =	48.99461 LRD
Sunday 02/10/2005	1 USD =	49.00115 LRD
Saturday 01/10/2005	1 USD =	49.00115 LRD
Friday 30/09/2005	1 USD =	49.00115 LRD
Thursday 29/09/2005	1 USD =	48.99266 LRD
Wednesday 28/09/2005	1 USD =	48.99726 LRD
Tuesday 27/09/2005	1 USD =	48.98738 LRD
Monday 26/09/2005	1 USD =	48.99183 LRD
Sunday 25/09/2005	1 USD =	48.99756 LRD
Saturday 24/09/2005	1 USD =	48.99756 LRD
Friday 23/09/2005	1 USD =	48.99756 LRD
Thursday 22/09/2005	1 USD =	48.98837 LRD
Wednesday 21/09/2005	1 USD =	49.02658 LRD
Tuesday 20/09/2005	1 USD =	49.00199 LRD


Date	United States Dollar	Liberian Dollar
Monday 12/09/2005	1 USD =	48.98616 LRD
Sunday 11/09/2005	1 USD =	49.02121 LRD
Saturday 10/09/2005	1 USD =	49.02121 LRD
Friday 09/09/2005	1 USD =	49.02121 LRD
Thursday 08/09/2005	1 USD =	48.98191 LRD
Wednesday 07/09/2005	1 USD =	48.99619 LRD
Tuesday 06/09/2005	1 USD =	49.00112 LRD
Monday 05/09/2005	1 USD =	48.99944 LRD
Sunday 04/09/2005	1 USD =	48.97446 LRD
Saturday 03/09/2005	1 USD =	48.97446 LRD
Friday 02/09/2005	1 USD =	48.97446 LRD
Thursday 01/09/2005	1 USD =	49.01907 LRD
Wednesday 31/08/2005	1 USD =	49.0148 LRD
Tuesday 30/08/2005	1 USD =	48.99959 LRD
Monday 29/08/2005	1 USD =	49.00763 LRD
Sunday 28/08/2005	1 USD =	49.00093 LRD
Saturday 27/08/2005	1 USD =	49.00093 LRD
Friday 26/08/2005	1 USD =	49.00093 LRD
Thursday 25/08/2005	1 USD =	49.00128 LRD
Wednesday 24/08/2005	1 USD =	48.96886 LRD
Tuesday 23/08/2005	1 USD =	48.99198 LRD
Monday 22/08/2005	1 USD =	48.98234 LRD
Sunday 21/08/2005	1 USD =	49.00727 LRD


Date	United States Dollar	Liberian Dollar
Friday 12/08/2005	1 USD =	49.02562 LRD
Thursday 11/08/2005	1 USD =	49.00829 LRD
Wednesday 10/08/2005	1 USD =	49.00292 LRD
Tuesday 09/08/2005	1 USD =	48.99968 LRD
Monday 08/08/2005	1 USD =	48.99802 LRD
Sunday 07/08/2005	1 USD =	49.05622 LRD
Saturday 06/08/2005	1 USD =	49.05622 LRD
Friday 05/08/2005	1 USD =	49.05622 LRD
Thursday 04/08/2005	1 USD =	49.00821 LRD
Wednesday 03/08/2005	1 USD =	48.9963 LRD
Tuesday 02/08/2005	1 USD =	49.05888 LRD
Monday 01/08/2005	1 USD =	48.99778 LRD
Sunday 31/07/2005	1 USD =	49.00141 LRD
Saturday 30/07/2005	1 USD =	49.00141 LRD
Friday 29/07/2005	1 USD =	49.00141 LRD
Thursday 28/07/2005	1 USD =	48.99909 LRD
Wednesday 27/07/2005	1 USD =	48.96639 LRD
Tuesday 26/07/2005	1 USD =	48.99787 LRD
Monday 25/07/2005	1 USD =	49.00095 LRD
Sunday 24/07/2005	1 USD =	48.99176 LRD
Saturday 23/07/2005	1 USD =	48.99176 LRD
Friday 22/07/2005	1 USD =	48.99176 LRD
Thursday 21/07/2005	1 USD =	49.0122 LRD



Date	United States Dollar	Liberian Dollar
Tuesday 12/07/2005	1 USD =	48.98153 LRD
Monday 11/07/2005	1 USD =	48.9943 LRD
Sunday 10/07/2005	1 USD =	48.97077 LRD
Saturday 09/07/2005	1 USD =	48.97077 LRD
Friday 08/07/2005	1 USD =	48.97077 LRD
Thursday 07/07/2005	1 USD =	48.98646 LRD
Wednesday 06/07/2005	1 USD =	48.99747 LRD
Tuesday 05/07/2005	1 USD =	48.99527 LRD
Monday 04/07/2005	1 USD =	49.00363 LRD
Sunday 03/07/2005	1 USD =	49.00013 LRD
Saturday 02/07/2005	1 USD =	49.00013 LRD
Friday 01/07/2005	1 USD =	49.00013 LRD
Thursday 30/06/2005	1 USD =	50.00811 LRD
Wednesday 29/06/2005	1 USD =	50.00797 LRD
Tuesday 28/06/2005	1 USD =	49.99289 LRD
Monday 27/06/2005	1 USD =	49.99087 LRD
Sunday 26/06/2005	1 USD =	49.97307 LRD
Saturday 25/06/2005	1 USD =	49.97307 LRD
Friday 24/06/2005	1 USD =	49.97307 LRD
Thursday 23/06/2005	1 USD =	49.97394 LRD
Wednesday 22/06/2005	1 USD =	50.00264 LRD
Tuesday 21/06/2005	1 USD =	49.98835 LRD
Monday 20/06/2005	1 USD =	50.04003 LRD


Date	United States Dollar	Liberian Dollar
Sunday 12/06/2005	1 USD =	50.00836 LRD
Saturday 11/06/2005	1 USD =	50.00836 LRD
Friday 10/06/2005	1 USD =	50.00836 LRD
Thursday 09/06/2005	1 USD =	49.99837 LRD
Wednesday 08/06/2005	1 USD =	49.98693 LRD
Tuesday 07/06/2005	1 USD =	49.99683 LRD
Monday 06/06/2005	1 USD =	49.99316 LRD
Sunday 05/06/2005	1 USD =	49.98302 LRD
Saturday 04/06/2005	1 USD =	49.98302 LRD
Friday 03/06/2005	1 USD =	49.98302 LRD
Thursday 02/06/2005	1 USD =	50.02006 LRD
Wednesday 01/06/2005	1 USD =	49.9808 LRD
Tuesday 31/05/2005	1 USD =	49.99749 LRD
Monday 30/05/2005	1 USD =	49.9976 LRD
Sunday 29/05/2005	1 USD =	50.00622 LRD
Saturday 28/05/2005	1 USD =	50.00622 LRD
Friday 27/05/2005	1 USD =	50.00622 LRD
Thursday 26/05/2005	1 USD =	49.99377 LRD
Wednesday 25/05/2005	1 USD =	49.99714 LRD
Tuesday 24/05/2005	1 USD =	49.99849 LRD
Monday 23/05/2005	1 USD =	49.98272 LRD
Sunday 22/05/2005	1 USD =	50.01624 LRD
Saturday 21/05/2005	1 USD =	50.01624 LRD



Date	United States Dollar	Liberian Dollar
Thursday 12/05/2005	1 USD =	50.0395 LRD
Wednesday 11/05/2005	1 USD =	49.98462 LRD
Tuesday 10/05/2005	1 USD =	50.00023 LRD
Monday 09/05/2005	1 USD =	50.00585 LRD
Sunday 08/05/2005	1 USD =	49.99914 LRD
Saturday 07/05/2005	1 USD =	49.99914 LRD
Friday 06/05/2005	1 USD =	49.99914 LRD
Thursday 05/05/2005	1 USD =	49.99491 LRD
Wednesday 04/05/2005	1 USD =	49.98872 LRD
Tuesday 03/05/2005	1 USD =	49.97319 LRD
Monday 02/05/2005	1 USD =	50.00684 LRD
Sunday 01/05/2005	1 USD =	50.01306 LRD
Saturday 30/04/2005	1 USD =	50.01306 LRD
Friday 29/04/2005	1 USD =	50.01306 LRD
Thursday 28/04/2005	1 USD =	49.00455 LRD
Wednesday 27/04/2005	1 USD =	48.99755 LRD
Tuesday 26/04/2005	1 USD =	47.00389 LRD
Monday 25/04/2005	1 USD =	46.98256 LRD
Sunday 24/04/2005	1 USD =	47.00447 LRD
Saturday 23/04/2005	1 USD =	47.00447 LRD
Friday 22/04/2005	1 USD =	47.00447 LRD
Thursday 21/04/2005	1 USD =	47.03015 LRD
Wednesday 20/04/2005	1 USD =	47.00171 LRD


Date	United States Dollar	Liberian Dollar
Tuesday 12/04/2005	1 USD =	47.03373 LRD
Monday 11/04/2005	1 USD =	46.99428 LRD
Sunday 10/04/2005	1 USD =	47.00158 LRD
Saturday 09/04/2005	1 USD =	47.00158 LRD
Friday 08/04/2005	1 USD =	47.00158 LRD
Thursday 07/04/2005	1 USD =	47.00111 LRD
Wednesday 06/04/2005	1 USD =	47.00948 LRD
Tuesday 05/04/2005	1 USD =	47.00212 LRD
Monday 04/04/2005	1 USD =	47.00684 LRD
Sunday 03/04/2005	1 USD =	47.00917 LRD
Saturday 02/04/2005	1 USD =	47.00917 LRD
Friday 01/04/2005	1 USD =	47.00917 LRD
Thursday 31/03/2005	1 USD =	47.0047 LRD
Wednesday 30/03/2005	1 USD =	46.99504 LRD
Tuesday 29/03/2005	1 USD =	47.00039 LRD
Monday 28/03/2005	1 USD =	47.01195 LRD
Sunday 27/03/2005	1 USD =	47.01195 LRD
Saturday 26/03/2005	1 USD =	47.01195 LRD
Friday 25/03/2005	1 USD =	47.01195 LRD
Thursday 24/03/2005	1 USD =	47.01195 LRD
Wednesday 23/03/2005	1 USD =	46.96938 LRD
Tuesday 22/03/2005	1 USD =	47.00192 LRD
Monday 21/03/2005	1 USD =	46.99992 LRD



Date	United States Dollar	Liberian Dollar
Saturday 12/03/2005	1 USD =	46.99609 LRD
Friday 11/03/2005	1 USD =	46.99609 LRD
Thursday 10/03/2005	1 USD =	47.00276 LRD
Wednesday 09/03/2005	1 USD =	47.00179 LRD
Tuesday 08/03/2005	1 USD =	46.99979 LRD
Monday 07/03/2005	1 USD =	47.00635 LRD
Sunday 06/03/2005	1 USD =	47.01245 LRD
Saturday 05/03/2005	1 USD =	47.01245 LRD
Friday 04/03/2005	1 USD =	47.01245 LRD
Thursday 03/03/2005	1 USD =	47.00196 LRD
Wednesday 02/03/2005	1 USD =	46.99305 LRD
Tuesday 01/03/2005	1 USD =	47.00488 LRD
Monday 28/02/2005	1 USD =	47.00011 LRD
Sunday 27/02/2005	1 USD =	46.97874 LRD
Saturday 26/02/2005	1 USD =	46.97874 LRD
Friday 25/02/2005	1 USD =	46.97874 LRD
Thursday 24/02/2005	1 USD =	46.99404 LRD
Wednesday 23/02/2005	1 USD =	47.0138 LRD
Tuesday 22/02/2005	1 USD =	46.96299 LRD
Monday 21/02/2005	1 USD =	46.99589 LRD
Sunday 20/02/2005	1 USD =	46.97838 LRD
Saturday 19/02/2005	1 USD =	46.97838 LRD
Friday 18/02/2005	1 USD =	46.97838 LRD



Date	United States Dollar	Liberian Dollar
Saturday 12/02/2005	1 USD =	47.01137 LRD
Friday 11/02/2005	1 USD =	47.01137 LRD
Thursday 10/02/2005	1 USD =	47.00215 LRD
Wednesday 09/02/2005	1 USD =	46.9684 LRD
Tuesday 08/02/2005	1 USD =	47.00471 LRD
Monday 07/02/2005	1 USD =	47.00905 LRD
Sunday 06/02/2005	1 USD =	47.02152 LRD
Saturday 05/02/2005	1 USD =	47.02152 LRD
Friday 04/02/2005	1 USD =	47.02152 LRD
Thursday 03/02/2005	1 USD =	46.99676 LRD
Wednesday 02/02/2005	1 USD =	47.01689 LRD
Tuesday 01/02/2005	1 USD =	47.02014 LRD
Monday 31/01/2005	1 USD =	47.02365 LRD
Sunday 30/01/2005	1 USD =	47.00372 LRD
Saturday 29/01/2005	1 USD =	47.00372 LRD
Friday 28/01/2005	1 USD =	47.00372 LRD
Thursday 27/01/2005	1 USD =	47.00558 LRD
Wednesday 26/01/2005	1 USD =	47.0077 LRD
Tuesday 25/01/2005	1 USD =	46.99183 LRD
Monday 24/01/2005	1 USD =	46.99536 LRD
Sunday 23/01/2005	1 USD =	47.00066 LRD
Saturday 22/01/2005	1 USD =	47.00066 LRD
Friday 21/01/2005	1 USD =	47.00066 LRD


Date	United States Dollar	Liberian Dollar
Wednesday 12/01/2005	1 USD =	46.99962 LRD
Tuesday 11/01/2005	1 USD =	47.00419 LRD
Monday 10/01/2005	1 USD =	46.99718 LRD
Sunday 09/01/2005	1 USD =	46.96273 LRD
Saturday 08/01/2005	1 USD =	46.96273 LRD
Friday 07/01/2005	1 USD =	46.96273 LRD
Thursday 06/01/2005	1 USD =	46.99567 LRD
Wednesday 05/01/2005	1 USD =	46.99567 LRD
Tuesday 04/01/2005	1 USD =	47.00131 LRD
Monday 03/01/2005	1 USD =	47.00227 LRD
Sunday 02/01/2005	1 USD =	47.00183 LRD
Saturday 01/01/2005	1 USD =	47.00183 LRD
Friday 31/12/2004	1 USD =	47.00183 LRD
Thursday 30/12/2004	1 USD =	47.00235 LRD
Wednesday 29/12/2004	1 USD =	47.04936 LRD
Tuesday 28/12/2004	1 USD =	47.01214 LRD
Monday 27/12/2004	1 USD =	46.9986 LRD
Sunday 26/12/2004	1 USD =	47.00067 LRD
Saturday 25/12/2004	1 USD =	47.00067 LRD
Friday 24/12/2004	1 USD =	47.00067 LRD
Thursday 23/12/2004	1 USD =	47.00298 LRD
Wednesday 22/12/2004	1 USD =	47.00105 LRD
Tuesday 21/12/2004	1 USD =	46.98373 LRD



Date	United States Dollar	Liberian Dollar
Sunday 12/12/2004	1 USD =	47.01242 LRD
Saturday 11/12/2004	1 USD =	47.01242 LRD
Friday 10/12/2004	1 USD =	47.01242 LRD
Thursday 09/12/2004	1 USD =	47.00525 LRD
Wednesday 08/12/2004	1 USD =	47.02595 LRD
Tuesday 07/12/2004	1 USD =	46.9951 LRD
Monday 06/12/2004	1 USD =	47 LRD
Sunday 05/12/2004	1 USD =	46.97243 LRD
Saturday 04/12/2004	1 USD =	46.97243 LRD
Friday 03/12/2004	1 USD =	46.97243 LRD
Thursday 02/12/2004	1 USD =	46.99341 LRD
Wednesday 01/12/2004	1 USD =	46.99411 LRD
Tuesday 30/11/2004	1 USD =	50.00654 LRD
Monday 29/11/2004	1 USD =	50 LRD
Sunday 28/11/2004	1 USD =	49.98443 LRD
Saturday 27/11/2004	1 USD =	49.98443 LRD
Friday 26/11/2004	1 USD =	49.98443 LRD
Thursday 25/11/2004	1 USD =	49.98986 LRD
Wednesday 24/11/2004	1 USD =	50.00144 LRD
Tuesday 23/11/2004	1 USD =	50.00123 LRD
Monday 22/11/2004	1 USD =	49.98741 LRD
Sunday 21/11/2004	1 USD =	50.0174 LRD
Saturday 20/11/2004	1 USD =	50.0174 LRD



Date	United States Dollar	Liberian Dollar
Friday 12/11/2004	1 USD =	50.0083 LRD
Thursday 11/11/2004	1 USD =	50 LRD
Wednesday 10/11/2004	1 USD =	50.01306 LRD
Tuesday 09/11/2004	1 USD =	49.98309 LRD
Monday 08/11/2004	1 USD =	50.02499 LRD
Sunday 07/11/2004	1 USD =	50.01615 LRD
Saturday 06/11/2004	1 USD =	50.01615 LRD
Friday 05/11/2004	1 USD =	50.01615 LRD
Thursday 04/11/2004	1 USD =	50.00217 LRD
Wednesday 03/11/2004	1 USD =	49.98398 LRD
Tuesday 02/11/2004	1 USD =	49.9952 LRD
Monday 01/11/2004	1 USD =	50.00738 LRD
Sunday 31/10/2004	1 USD =	45.0071 LRD
Saturday 30/10/2004	1 USD =	45.0071 LRD
Friday 29/10/2004	1 USD =	45.0071 LRD
Thursday 28/10/2004	1 USD =	44.97884 LRD
Wednesday 27/10/2004	1 USD =	45.01078 LRD
Tuesday 26/10/2004	1 USD =	44.99953 LRD
Monday 25/10/2004	1 USD =	45.00692 LRD
Sunday 24/10/2004	1 USD =	45.00785 LRD
Saturday 23/10/2004	1 USD =	45.00785 LRD
Friday 22/10/2004	1 USD =	45.00785 LRD
Thursday 21/10/2004	1 USD =	45.00572 LRD


Date	United States Dollar	Liberian Dollar
Tuesday 12/10/2004	1 USD =	44.99378 LRD
Monday 11/10/2004	1 USD =	44.99221 LRD
Sunday 10/10/2004	1 USD =	45.03217 LRD
Saturday 09/10/2004	1 USD =	45.03217 LRD
Friday 08/10/2004	1 USD =	45.03217 LRD
Thursday 07/10/2004	1 USD =	44.99227 LRD
Wednesday 06/10/2004	1 USD =	45.00701 LRD
Tuesday 05/10/2004	1 USD =	45.00662 LRD
Monday 04/10/2004	1 USD =	45.02255 LRD
Sunday 03/10/2004	1 USD =	44.99927 LRD
Saturday 02/10/2004	1 USD =	44.99927 LRD
Friday 01/10/2004	1 USD =	44.99927 LRD
Thursday 30/09/2004	1 USD =	44.99371 LRD
Wednesday 29/09/2004	1 USD =	45.02061 LRD
Tuesday 28/09/2004	1 USD =	45.00243 LRD
Monday 27/09/2004	1 USD =	45.01174 LRD
Sunday 26/09/2004	1 USD =	45.04171 LRD
Saturday 25/09/2004	1 USD =	45.04171 LRD
Friday 24/09/2004	1 USD =	45.04171 LRD
Thursday 23/09/2004	1 USD =	44.98547 LRD
Wednesday 22/09/2004	1 USD =	44.99477 LRD
Tuesday 21/09/2004	1 USD =	45.01982 LRD
Monday 20/09/2004	1 USD =	44.98974 LRD


Date	United States Dollar	Liberian Dollar
Sunday 12/09/2004	1 USD =	45.00529 LRD
Saturday 11/09/2004	1 USD =	45.00529 LRD
Friday 10/09/2004	1 USD =	45.00529 LRD
Thursday 09/09/2004	1 USD =	44.99717 LRD
Wednesday 08/09/2004	1 USD =	44.99253 LRD
Tuesday 07/09/2004	1 USD =	45.00903 LRD
Monday 06/09/2004	1 USD =	45.00344 LRD
Sunday 05/09/2004	1 USD =	44.99463 LRD
Saturday 04/09/2004	1 USD =	44.99463 LRD
Friday 03/09/2004	1 USD =	44.99463 LRD
Thursday 02/09/2004	1 USD =	44.99646 LRD
Wednesday 01/09/2004	1 USD =	45.005 LRD
Tuesday 31/08/2004	1 USD =	44.99488 LRD
Monday 30/08/2004	1 USD =	45.00166 LRD
Sunday 29/08/2004	1 USD =	44.99582 LRD
Saturday 28/08/2004	1 USD =	44.99582 LRD
Friday 27/08/2004	1 USD =	44.99582 LRD
Thursday 26/08/2004	1 USD =	44.99719 LRD
Wednesday 25/08/2004	1 USD =	45.02257 LRD
Tuesday 24/08/2004	1 USD =	44.99302 LRD
Monday 23/08/2004	1 USD =	45.03767 LRD
Sunday 22/08/2004	1 USD =	44.99772 LRD
Saturday 21/08/2004	1 USD =	44.99772 LRD









Annex 14: Liberian Dollar Exchange Rate – Period Averages
(January – December, 2001)
(Liberian Dollars Per US Dollar)
Period
Large bills1
Small bills2
Average4
2001
Buying
Selling
Middle3
Buying
Selling
Middle3
2001
January
44.55
45.69
45.12
38.18
42.00
40.09
42.61
February
43.43
44.43
43.93
35.00
40.00
37.50
40.72
March
44.35
45.38
44.87
35.00
40.00
37.50
41.18
April
45.88
46.88
46.38
35.80
40.80
38.30
42.34
May
47.96
48.96
48.46
40.00
45.00
42.50
45.48
June
52.46
53.46
52.96
45.19
49.85
47.52
50.24
July
56.17
57.17
56.67
50.00
52.00
51.00
53.83
August
53.08
54.08
53.58
42.73
47.08
44.90
49.24
September
49.43
50.35
49.89
40.00
45.00
42.50
46.20
October
49.67
50.67
50.17
39.63
44.63
42.13
46.15
November
44.50
45.50
45.00
36.35
41.35
38.85
41.92
December
45.54
46.54
46.04
35.96
40.96
38.46
42.25
Q1
44.11
45.17
44.64
36.06
40.67
38.36
41.50
Q2
48.77
49.77
49.27
40.33
45.22
42.77
46.02
Q3
52.89
53.86
53.38
44.24
48.03
46.13
49.76
Q4
46.08
47.57
47.07
37.31
42.31
39.81
43.44
Year
48.08
49.09
48.59
39.49
44.06
41.77
45.18
Source: Source: Central Bank of Liberia, Monrovia, Liberia
1. US dollar bank notes of denomination 5 and higher.
2. US dollar bank notes of denominations 1 and 2.
3. Average of buying and selling rates.
4. Average of middle rates for large and small bills.
- 79 -
Annex 15: Liberian Dollar Exchange Rate – Period Averages
(January – December, 2002)
(Liberian Dollars Per US Dollar)
Period
Large bills1
Small bills2
Average4
2002
Buying
Selling
Middle3
Buying
Selling
Middle3
January
51.62
52.62
52.12
45.77
48.46
47.12
49.62
February
54.00
55.00
54.50
50.00
51.00
50.50
52.50
March
56.42
57.46
56.94
50.46
51.46
50.96
53.95
April
59.72
60.72
60.22
54.04
55.04
54.54
57.38
May
61.21
62.85
62.03
55.83
58.15
56.99
59.51
June
66.68
68.08
67.38
58.50
60.52
59.51
63.45
July
69.92
71.46
70.73
60.00
65.00
62.50
66.62
August
70.00
71.46
70.73
60.00
65.00
62.50
66.62
September
69.48
70.50
69.99
60.00
65.00
62.50
66.25
October
61.26
62.52
61.89
54.26
58.26
56.26
59.07
November
55.04
56.04
55.54
50.00
55.00
52.50
54.02
December
56.20
57.32
56.76
50.00
55.00
52.50
54.63
Q1
54.01
55.03
54.52
48.74
50.31
49.53
52.02
Q2
62.54
63.88
63.21
56.12
57.90
57.01
60.11
Q3
69.80
71.10
70.45
59.96
64.63
62.29
66.37
Q4
57.50
58.63
58.06
51.42
56.09
53.75
55.91
Year
60.96
62.16
61.56
54.06
57.23
55.65
58.60
Source: Source: Central Bank of Liberia, Monrovia, Liberia
1. US dollar bank notes of denomination 5 and higher.
2. US dollar bank notes of denominations 1 and 2.
3. Average of buying and selling rates.
4. Average of middle rates for large and small bills.
- 80 -
Annex 16: Liberian Dollar Exchange Rate – Period Averages
(January – December, 2003)
(Liberian Dollars Per US Dollar)
Period
Large bills1
Small bills2
Average4
2003
Buying
Selling
Middle3
Buying
Selling
Middle3
Middle
January
64.96
66.35
65.65
50.00
55.00
52.50
59.08
February
62.35
63.37
62.86
50.00
55.00
52.50
57.68
March
60.54
61.73
61.14
50.25
55.17
52.71
56.92
April
62.48
63.94
63.21
50.20
55.06
52.63
57.92
May
65.70
66.91
66.31
55.52
57.78
56.65
61.48
June
70.04
71.52
70.78
58.88
63.10
60.99
65.89
July
72.00
73.21
72.61
60.00
64.57
62.29
67.45
August
55.75
56.75
56.25
47.50
52.50
50.00
53.13
September
56.55
57.55
57.05
49.09
54.09
51.59
54.32
October
45.56
46.69
46.13
38.13
43.13
40.63
43.38
November
43.36
44.50
43.93
34.60
39.60
37.10
40.52
December
46.07
47.20
46.64
35.74
40.74
38.24
42.44
Q1
62.62
63.81
63.22
50.08
55.06
52.57
57.89
Q2
66.07
67.46
66.77
54.87
58.65
56.76
61.76
Q3
61.43
62.50
61.97
52.20
57.05
54.63
58.30
Q4
45.00
46.13
45.56
36.16
41.16
38.66
42.11
Year
58.78
59.98
59.38
48.33
52.98
50.65
55.02
Source: Source: Central Bank of Liberia, Monrovia, Liberia
1. US dollar bank notes of denomination 5 and higher.
2. US dollar bank notes of denominations 1 and 2.
3. Average of buying and selling rates.
4. Average of middle rates for large and small bills.